statistics_code;statistics_label;time_code;time_label;time;1_variable_code;1_variable_label;1_variable_attribute_code;1_variable_attribute_label;2_variable_code;2_variable_label;2_variable_attribute_code;2_variable_attribute_label;3_variable_code;3_variable_label;3_variable_attribute_code;3_variable_attribute_label;value;value_unit;value_variable_code;value_variable_label
21341;Statistik des Hochschulpersonals;JAHR;Jahr;2021;DINSG;Deutschland insgesamt;DG;Deutschland;BILFG6;Fächergruppen;FACHGR-SPR;Sport;GES;Geschlecht;GESM;männlich;212;Anzahl;BIL050;Professoren
21341;Statistik des Hochschulpersonals;JAHR;Jahr;2020;DINSG;Deutschland insgesamt;DG;Deutschland;BILFG6;Fächergruppen;FACHGR-ZE-02;Zentr.Einricht.d.Hochschulkliniken (nur Humanmed.);GES;Geschlecht;GESW;weiblich;6;Anzahl;BIL050;Professoren
21341;Statistik des Hochschulpersonals;JAHR;Jahr;2022;DINSG;Deutschland insgesamt;DG;Deutschland;BILFG6;Fächergruppen;FACHGR-AGRW;Agrar-, Forst- und Ernährungswissenschaften;GES;Geschlecht;GESW;weiblich;-;Anzahl;BIL050;Professoren
21341;Statistik des Hochschulpersonals;JAHR;Jahr;2023;DINSG;Deutschland insgesamt;DG;Deutschland;BILFG6;Fächergruppen;FACHGR-MEDVET;Veterinärmedizin;GES;Geschlecht;GESW;weiblich;-;Anzahl;BIL050;Professoren
21341;Statistik des Hochschulpersonals;JAHR;Jahr;2021;DINSG;Deutschland insgesamt;DG;Deutschland;BILFG6;Fächergruppen;FACHGR-ZE-01;Zentr.Einrichtungen (o. klinikspez. Einrichtungen);GES;Geschlecht;GESM;männlich;435;Anzahl;BIL050;Professoren
21341;Statistik des Hochschulpersonals;JAHR;Jahr;2021;DINSG;Deutschland insgesamt;DG;Deutschland;BILFG6;Fächergruppen;FACHGR-RWSW;Rechts-, Wirtschafts- und Sozialwissenschaften;GES;Geschlecht;GESM;männlich;10161;Anzahl;BIL050;Professoren
21341;Statistik des Hochschulpersonals;JAHR;Jahr;2019;DINSG;Deutschland insgesamt;DG;Deutschland;BILFG6;Fächergruppen;FACHGR-RWSW;Rechts-, Wirtschafts- und Sozialwissenschaften;GES;Geschlecht;GESM;männlich;9969;Anzahl;BIL050;Professoren
21341;Statistik des Hochschulpersonals;JAHR;Jahr;2021;DINSG;Deutschland insgesamt;DG;Deutschland;BILFG6;Fächergruppen;FACHGR-NATW;Mathematik, Naturwissenschaften;GES;Geschlecht;GESW;weiblich;1392;Anzahl;BIL050;Professoren
21341;Statistik des Hochschulpersonals;JAHR;Jahr;2022;DINSG;Deutschland insgesamt;DG;Deutschland;BILFG6;Fächergruppen;FACHGR-INGW;Ingenieurwissenschaften;GES;Geschlecht;GESM;männlich;11099;Anzahl;BIL050;Professoren
21341;Statistik des Hochschulpersonals;JAHR;Jahr;2018;DINSG;Deutschland insgesamt;DG;Deutschland;BILFG6;Fächergruppen;FACHGR-RWSW;Rechts-, Wirtschafts- und Sozialwissenschaften;GES;Geschlecht;GESW;weiblich;4369;Anzahl;BIL050;Professoren
21341;Statistik des Hochschulpersonals;JAHR;Jahr;2020;DINSG;Deutschland insgesamt;DG;Deutschland;BILFG6;Fächergruppen;FACHGR-RWSW;Rechts-, Wirtschafts- und Sozialwissenschaften;GES;Geschlecht;GESW;weiblich;4743;Anzahl;BIL050;Professoren
21341;Statistik des Hochschulpersonals;JAHR;Jahr;2020;DINSG;Deutschland insgesamt;DG;Deutschland;BILFG6;Fächergruppen;;Insgesamt;GES;Geschlecht;GESW;weiblich;12949;Anzahl;BIL050;Professoren
21341;Statistik des Hochschulpersonals;JAHR;Jahr;2019;DINSG;Deutschland insgesamt;DG;Deutschland;BILFG6;Fächergruppen;FACHGR-NATW;Mathematik, Naturwissenschaften;GES;Geschlecht;GESW;weiblich;1286;Anzahl;BIL050;Professoren
21341;Statistik des Hochschulpersonals;JAHR;Jahr;2022;DINSG;Deutschland insgesamt;DG;Deutschland;BILFG6;Fächergruppen;FACHGR-KUNSTW;Kunst, Kunstwissenschaft;GES;Geschlecht;GESW;weiblich;1462;Anzahl;BIL050;Professoren
21341;Statistik des Hochschulpersonals;JAHR;Jahr;2020;DINSG;Deutschland insgesamt;DG;Deutschland;BILFG6;Fächergruppen;FACHGR-MEDHUM;Humanmedizin/Gesundheitswissenschaften;GES;Geschlecht;GESM;männlich;3487;Anzahl;BIL050;Professoren
21341;Statistik des Hochschulpersonals;JAHR;Jahr;2018;DINSG;Deutschland insgesamt;DG;Deutschland;BILFG6;Fächergruppen;FACHGR-AGRVET;Agrar-, Forst- u.Ernährungswiss., Veterinärmedizin;GES;Geschlecht;GESM;männlich;886;Anzahl;BIL050;Professoren
21341;Statistik des Hochschulpersonals;JAHR;Jahr;2019;DINSG;Deutschland insgesamt;DG;Deutschland;BILFG6;Fächergruppen;FACHGR-ZE-01;Zentr.Einrichtungen (o. klinikspez. Einrichtungen);GES;Geschlecht;GESM;männlich;459;Anzahl;BIL050;Professoren
21341;Statistik des Hochschulpersonals;JAHR;Jahr;2018;DINSG;Deutschland insgesamt;DG;Deutschland;BILFG6;Fächergruppen;FACHGR-KUNSTW;Kunst, Kunstwissenschaft;GES;Geschlecht;GESW;weiblich;1278;Anzahl;BIL050;Professoren
21341;Statistik des Hochschulpersonals;JAHR;Jahr;2020;DINSG;Deutschland insgesamt;DG;Deutschland;BILFG6;Fächergruppen;FACHGR-SKW;Geisteswissenschaften;GES;Geschlecht;GESM;männlich;2809;Anzahl;BIL050;Professoren
21341;Statistik des Hochschulpersonals;JAHR;Jahr;2022;DINSG;Deutschland insgesamt;DG;Deutschland;BILFG6;Fächergruppen;FACHGR-NATW;Mathematik, Naturwissenschaften;GES;Geschlecht;GESM;männlich;5070;Anzahl;BIL050;Professoren
21341;Statistik des Hochschulpersonals;JAHR;Jahr;2022;DINSG;Deutschland insgesamt;DG;Deutschland;BILFG6;Fächergruppen;;Insgesamt;GES;Geschlecht;GESW;weiblich;14326;Anzahl;BIL050;Professoren
21341;Statistik des Hochschulpersonals;JAHR;Jahr;2023;DINSG;Deutschland insgesamt;DG;Deutschland;BILFG6;Fächergruppen;FACHGR-AGRW;Agrar-, Forst- und Ernährungswissenschaften;GES;Geschlecht;GESW;weiblich;-;Anzahl;BIL050;Professoren
21341;Statistik des Hochschulpersonals;JAHR;Jahr;2018;DINSG;Deutschland insgesamt;DG;Deutschland;BILFG6;Fächergruppen;FACHGR-SPR;Sport;GES;Geschlecht;GESM;männlich;209;Anzahl;BIL050;Professoren
21341;Statistik des Hochschulpersonals;JAHR;Jahr;2022;DINSG;Deutschland insgesamt;DG;Deutschland;BILFG6;Fächergruppen;FACHGR-ZE-01;Zentr.Einrichtungen (o. klinikspez. Einrichtungen);GES;Geschlecht;GESW;weiblich;220;Anzahl;BIL050;Professoren
21341;Statistik des Hochschulpersonals;JAHR;Jahr;2019;DINSG;Deutschland insgesamt;DG;Deutschland;BILFG6;Fächergruppen;FACHGR-ZE-02;Zentr.Einricht.d.Hochschulkliniken (nur Humanmed.);GES;Geschlecht;GESW;weiblich;6;Anzahl;BIL050;Professoren
21341;Statistik des Hochschulpersonals;JAHR;Jahr;2019;DINSG;Deutschland insgesamt;DG;Deutschland;BILFG6;Fächergruppen;FACHGR-MEDVET;Veterinärmedizin;GES;Geschlecht;GESW;weiblich;-;Anzahl;BIL050;Professoren
21341;Statistik des Hochschulpersonals;JAHR;Jahr;2020;DINSG;Deutschland insgesamt;DG;Deutschland;BILFG6;Fächergruppen;FACHGR-INGW;Ingenieurwissenschaften;GES;Geschlecht;GESW;weiblich;1821;Anzahl;BIL050;Professoren
21341;Statistik des Hochschulpersonals;JAHR;Jahr;2023;DINSG;Deutschland insgesamt;DG;Deutschland;BILFG6;Fächergruppen;FACHGR-NATW;Mathematik, Naturwissenschaften;GES;Geschlecht;GESM;männlich;5077;Anzahl;BIL050;Professoren
21341;Statistik des Hochschulpersonals;JAHR;Jahr;2021;DINSG;Deutschland insgesamt;DG;Deutschland;BILFG6;Fächergruppen;FACHGR-AGRVET;Agrar-, Forst- u.Ernährungswiss., Veterinärmedizin;GES;Geschlecht;GESM;männlich;826;Anzahl;BIL050;Professoren
21341;Statistik des Hochschulpersonals;JAHR;Jahr;2023;DINSG;Deutschland insgesamt;DG;Deutschland;BILFG6;Fächergruppen;FACHGR-SKW;Geisteswissenschaften;GES;Geschlecht;GESW;weiblich;2057;Anzahl;BIL050;Professoren
21341;Statistik des Hochschulpersonals;JAHR;Jahr;2022;DINSG;Deutschland insgesamt;DG;Deutschland;BILFG6;Fächergruppen;FACHGR-AGRVET;Agrar-, Forst- u.Ernährungswiss., Veterinärmedizin;GES;Geschlecht;GESM;männlich;826;Anzahl;BIL050;Professoren
21341;Statistik des Hochschulpersonals;JAHR;Jahr;2023;DINSG;Deutschland insgesamt;DG;Deutschland;BILFG6;Fächergruppen;FACHGR-ZE-01;Zentr.Einrichtungen (o. klinikspez. Einrichtungen);GES;Geschlecht;GESW;weiblich;218;Anzahl;BIL050;Professoren
21341;Statistik des Hochschulpersonals;JAHR;Jahr;2018;DINSG;Deutschland insgesamt;DG;Deutschland;BILFG6;Fächergruppen;FACHGR-ZE-02;Zentr.Einricht.d.Hochschulkliniken (nur Humanmed.);GES;Geschlecht;GESW;weiblich;7;Anzahl;BIL050;Professoren
21341;Statistik des Hochschulpersonals;JAHR;Jahr;2019;DINSG;Deutschland insgesamt;DG;Deutschland;BILFG6;Fächergruppen;FACHGR-KUNSTW;Kunst, Kunstwissenschaft;GES;Geschlecht;GESW;weiblich;1320;Anzahl;BIL050;Professoren
21341;Statistik des Hochschulpersonals;JAHR;Jahr;2021;DINSG;Deutschland insgesamt;DG;Deutschland;BILFG6;Fächergruppen;FACHGR-SKW;Geisteswissenschaften;GES;Geschlecht;GESW;weiblich;1967;Anzahl;BIL050;Professoren
21341;Statistik des Hochschulpersonals;JAHR;Jahr;2021;DINSG;Deutschland insgesamt;DG;Deutschland;BILFG6;Fächergruppen;FACHGR-INGW;Ingenieurwissenschaften;GES;Geschlecht;GESW;weiblich;1912;Anzahl;BIL050;Professoren
21341;Statistik des Hochschulpersonals;JAHR;Jahr;2018;DINSG;Deutschland insgesamt;DG;Deutschland;BILFG6;Fächergruppen;FACHGR-ZE-01;Zentr.Einrichtungen (o. klinikspez. Einrichtungen);GES;Geschlecht;GESM;männlich;484;Anzahl;BIL050;Professoren
21341;Statistik des Hochschulpersonals;JAHR;Jahr;2022;DINSG;Deutschland insgesamt;DG;Deutschland;BILFG6;Fächergruppen;FACHGR-SKW;Geisteswissenschaften;GES;Geschlecht;GESM;männlich;2742;Anzahl;BIL050;Professoren
21341;Statistik des Hochschulpersonals;JAHR;Jahr;2020;DINSG;Deutschland insgesamt;DG;Deutschland;BILFG6;Fächergruppen;FACHGR-RWSW;Rechts-, Wirtschafts- und Sozialwissenschaften;GES;Geschlecht;GESM;männlich;10091;Anzahl;BIL050;Professoren
21341;Statistik des Hochschulpersonals;JAHR;Jahr;2018;DINSG;Deutschland insgesamt;DG;Deutschland;BILFG6;Fächergruppen;FACHGR-RWSW;Rechts-, Wirtschafts- und Sozialwissenschaften;GES;Geschlecht;GESM;männlich;9927;Anzahl;BIL050;Professoren
21341;Statistik des Hochschulpersonals;JAHR;Jahr;2018;DINSG;Deutschland insgesamt;DG;Deutschland;BILFG6;Fächergruppen;FACHGR-ZE-02;Zentr.Einricht.d.Hochschulkliniken (nur Humanmed.);GES;Geschlecht;GESM;männlich;26;Anzahl;BIL050;Professoren
21341;Statistik des Hochschulpersonals;JAHR;Jahr;2020;DINSG;Deutschland insgesamt;DG;Deutschland;BILFG6;Fächergruppen;FACHGR-AGRW;Agrar-, Forst- und Ernährungswissenschaften;GES;Geschlecht;GESM;männlich;-;Anzahl;BIL050;Professoren
21341;Statistik des Hochschulpersonals;JAHR;Jahr;2020;DINSG;Deutschland insgesamt;DG;Deutschland;BILFG6;Fächergruppen;FACHGR-ZE-01;Zentr.Einrichtungen (o. klinikspez. Einrichtungen);GES;Geschlecht;GESM;männlich;427;Anzahl;BIL050;Professoren
21341;Statistik des Hochschulpersonals;JAHR;Jahr;2023;DINSG;Deutschland insgesamt;DG;Deutschland;BILFG6;Fächergruppen;FACHGR-SPR;Sport;GES;Geschlecht;GESM;männlich;220;Anzahl;BIL050;Professoren
21341;Statistik des Hochschulpersonals;JAHR;Jahr;2022;DINSG;Deutschland insgesamt;DG;Deutschland;BILFG6;Fächergruppen;FACHGR-ZE-01;Zentr.Einrichtungen (o. klinikspez. Einrichtungen);GES;Geschlecht;GESM;männlich;444;Anzahl;BIL050;Professoren
21341;Statistik des Hochschulpersonals;JAHR;Jahr;2019;DINSG;Deutschland insgesamt;DG;Deutschland;BILFG6;Fächergruppen;FACHGR-KUNSTW;Kunst, Kunstwissenschaft;GES;Geschlecht;GESM;männlich;2445;Anzahl;BIL050;Professoren
21341;Statistik des Hochschulpersonals;JAHR;Jahr;2022;DINSG;Deutschland insgesamt;DG;Deutschland;BILFG6;Fächergruppen;FACHGR-MEDVET;Veterinärmedizin;GES;Geschlecht;GESW;weiblich;-;Anzahl;BIL050;Professoren
21341;Statistik des Hochschulpersonals;JAHR;Jahr;2023;DINSG;Deutschland insgesamt;DG;Deutschland;BILFG6;Fächergruppen;FACHGR-MEDHUM;Humanmedizin/Gesundheitswissenschaften;GES;Geschlecht;GESW;weiblich;1508;Anzahl;BIL050;Professoren
21341;Statistik des Hochschulpersonals;JAHR;Jahr;2018;DINSG;Deutschland insgesamt;DG;Deutschland;BILFG6;Fächergruppen;FACHGR-AGRW;Agrar-, Forst- und Ernährungswissenschaften;GES;Geschlecht;GESM;männlich;-;Anzahl;BIL050;Professoren
21341;Statistik des Hochschulpersonals;JAHR;Jahr;2023;DINSG;Deutschland insgesamt;DG;Deutschland;BILFG6;Fächergruppen;FACHGR-KUNSTW;Kunst, Kunstwissenschaft;GES;Geschlecht;GESM;männlich;2461;Anzahl;BIL050;Professoren
21341;Statistik des Hochschulpersonals;JAHR;Jahr;2019;DINSG;Deutschland insgesamt;DG;Deutschland;BILFG6;Fächergruppen;FACHGR-SPR;Sport;GES;Geschlecht;GESW;weiblich;73;Anzahl;BIL050;Professoren
21341;Statistik des Hochschulpersonals;JAHR;Jahr;2019;DINSG;Deutschland insgesamt;DG;Deutschland;BILFG6;Fächergruppen;FACHGR-AGRVET;Agrar-, Forst- u.Ernährungswiss., Veterinärmedizin;GES;Geschlecht;GESM;männlich;837;Anzahl;BIL050;Professoren
21341;Statistik des Hochschulpersonals;JAHR;Jahr;2023;DINSG;Deutschland insgesamt;DG;Deutschland;BILFG6;Fächergruppen;FACHGR-INGW;Ingenieurwissenschaften;GES;Geschlecht;GESM;männlich;11140;Anzahl;BIL050;Professoren
21341;Statistik des Hochschulpersonals;JAHR;Jahr;2019;DINSG;Deutschland insgesamt;DG;Deutschland;BILFG6;Fächergruppen;FACHGR-AGRW;Agrar-, Forst- und Ernährungswissenschaften;GES;Geschlecht;GESW;weiblich;-;Anzahl;BIL050;Professoren
21341;Statistik des Hochschulpersonals;JAHR;Jahr;2019;DINSG;Deutschland insgesamt;DG;Deutschland;BILFG6;Fächergruppen;FACHGR-RWSW;Rechts-, Wirtschafts- und Sozialwissenschaften;GES;Geschlecht;GESW;weiblich;4558;Anzahl;BIL050;Professoren
21341;Statistik des Hochschulpersonals;JAHR;Jahr;2018;DINSG;Deutschland insgesamt;DG;Deutschland;BILFG6;Fächergruppen;FACHGR-NATW;Mathematik, Naturwissenschaften;GES;Geschlecht;GESM;männlich;5179;Anzahl;BIL050;Professoren
21341;Statistik des Hochschulpersonals;JAHR;Jahr;2020;DINSG;Deutschland insgesamt;DG;Deutschland;BILFG6;Fächergruppen;FACHGR-INGW;Ingenieurwissenschaften;GES;Geschlecht;GESM;männlich;10919;Anzahl;BIL050;Professoren
21341;Statistik des Hochschulpersonals;JAHR;Jahr;2023;DINSG;Deutschland insgesamt;DG;Deutschland;BILFG6;Fächergruppen;FACHGR-AGRW;Agrar-, Forst- und Ernährungswissenschaften;GES;Geschlecht;GESM;männlich;-;Anzahl;BIL050;Professoren
21341;Statistik des Hochschulpersonals;JAHR;Jahr;2018;DINSG;Deutschland insgesamt;DG;Deutschland;BILFG6;Fächergruppen;FACHGR-SKW;Geisteswissenschaften;GES;Geschlecht;GESW;weiblich;1797;Anzahl;BIL050;Professoren
21341;Statistik des Hochschulpersonals;JAHR;Jahr;2018;DINSG;Deutschland insgesamt;DG;Deutschland;BILFG6;Fächergruppen;FACHGR-INGW;Ingenieurwissenschaften;GES;Geschlecht;GESW;weiblich;1604;Anzahl;BIL050;Professoren
21341;Statistik des Hochschulpersonals;JAHR;Jahr;2019;DINSG;Deutschland insgesamt;DG;Deutschland;BILFG6;Fächergruppen;FACHGR-SKW;Geisteswissenschaften;GES;Geschlecht;GESM;männlich;2854;Anzahl;BIL050;Professoren
21341;Statistik des Hochschulpersonals;JAHR;Jahr;2019;DINSG;Deutschland insgesamt;DG;Deutschland;BILFG6;Fächergruppen;FACHGR-NATW;Mathematik, Naturwissenschaften;GES;Geschlecht;GESM;männlich;5170;Anzahl;BIL050;Professoren
21341;Statistik des Hochschulpersonals;JAHR;Jahr;2021;DINSG;Deutschland insgesamt;DG;Deutschland;BILFG6;Fächergruppen;FACHGR-INGW;Ingenieurwissenschaften;GES;Geschlecht;GESM;männlich;10970;Anzahl;BIL050;Professoren
21341;Statistik des Hochschulpersonals;JAHR;Jahr;2023;DINSG;Deutschland insgesamt;DG;Deutschland;BILFG6;Fächergruppen;;Insgesamt;GES;Geschlecht;GESM;männlich;36939;Anzahl;BIL050;Professoren
21341;Statistik des Hochschulpersonals;JAHR;Jahr;2022;DINSG;Deutschland insgesamt;DG;Deutschland;BILFG6;Fächergruppen;FACHGR-KUNSTW;Kunst, Kunstwissenschaft;GES;Geschlecht;GESM;männlich;2489;Anzahl;BIL050;Professoren
21341;Statistik des Hochschulpersonals;JAHR;Jahr;2021;DINSG;Deutschland insgesamt;DG;Deutschland;BILFG6;Fächergruppen;FACHGR-AGRW;Agrar-, Forst- und Ernährungswissenschaften;GES;Geschlecht;GESM;männlich;-;Anzahl;BIL050;Professoren
21341;Statistik des Hochschulpersonals;JAHR;Jahr;2021;DINSG;Deutschland insgesamt;DG;Deutschland;BILFG6;Fächergruppen;FACHGR-SKW;Geisteswissenschaften;GES;Geschlecht;GESM;männlich;2763;Anzahl;BIL050;Professoren
21341;Statistik des Hochschulpersonals;JAHR;Jahr;2022;DINSG;Deutschland insgesamt;DG;Deutschland;BILFG6;Fächergruppen;FACHGR-RWSW;Rechts-, Wirtschafts- und Sozialwissenschaften;GES;Geschlecht;GESM;männlich;10262;Anzahl;BIL050;Professoren
21341;Statistik des Hochschulpersonals;JAHR;Jahr;2021;DINSG;Deutschland insgesamt;DG;Deutschland;BILFG6;Fächergruppen;;Insgesamt;GES;Geschlecht;GESW;weiblich;13664;Anzahl;BIL050;Professoren
21341;Statistik des Hochschulpersonals;JAHR;Jahr;2020;DINSG;Deutschland insgesamt;DG;Deutschland;BILFG6;Fächergruppen;FACHGR-KUNSTW;Kunst, Kunstwissenschaft;GES;Geschlecht;GESM;männlich;2467;Anzahl;BIL050;Professoren
21341;Statistik des Hochschulpersonals;JAHR;Jahr;2021;DINSG;Deutschland insgesamt;DG;Deutschland;BILFG6;Fächergruppen;FACHGR-KUNSTW;Kunst, Kunstwissenschaft;GES;Geschlecht;GESM;männlich;2497;Anzahl;BIL050;Professoren
21341;Statistik des Hochschulpersonals;JAHR;Jahr;2022;DINSG;Deutschland insgesamt;DG;Deutschland;BILFG6;Fächergruppen;FACHGR-AGRW;Agrar-, Forst- und Ernährungswissenschaften;GES;Geschlecht;GESM;männlich;-;Anzahl;BIL050;Professoren
21341;Statistik des Hochschulpersonals;JAHR;Jahr;2022;DINSG;Deutschland insgesamt;DG;Deutschland;BILFG6;Fächergruppen;FACHGR-SPR;Sport;GES;Geschlecht;GESW;weiblich;85;Anzahl;BIL050;Professoren
21341;Statistik des Hochschulpersonals;JAHR;Jahr;2021;DINSG;Deutschland insgesamt;DG;Deutschland;BILFG6;Fächergruppen;FACHGR-ZE-02;Zentr.Einricht.d.Hochschulkliniken (nur Humanmed.);GES;Geschlecht;GESM;männlich;43;Anzahl;BIL050;Professoren
21341;Statistik des Hochschulpersonals;JAHR;Jahr;2020;DINSG;Deutschland insgesamt;DG;Deutschland;BILFG6;Fächergruppen;FACHGR-ZE-02;Zentr.Einricht.d.Hochschulkliniken (nur Humanmed.);GES;Geschlecht;GESM;männlich;30;Anzahl;BIL050;Professoren
21341;Statistik des Hochschulpersonals;JAHR;Jahr;2023;DINSG;Deutschland insgesamt;DG;Deutschland;BILFG6;Fächergruppen;FACHGR-RWSW;Rechts-, Wirtschafts- und Sozialwissenschaften;GES;Geschlecht;GESM;männlich;10311;Anzahl;BIL050;Professoren
21341;Statistik des Hochschulpersonals;JAHR;Jahr;2020;DINSG;Deutschland insgesamt;DG;Deutschland;BILFG6;Fächergruppen;FACHGR-SKW;Geisteswissenschaften;GES;Geschlecht;GESW;weiblich;1884;Anzahl;BIL050;Professoren
21341;Statistik des Hochschulpersonals;JAHR;Jahr;2019;DINSG;Deutschland insgesamt;DG;Deutschland;BILFG6;Fächergruppen;FACHGR-INGW;Ingenieurwissenschaften;GES;Geschlecht;GESW;weiblich;1706;Anzahl;BIL050;Professoren
21341;Statistik des Hochschulpersonals;JAHR;Jahr;2022;DINSG;Deutschland insgesamt;DG;Deutschland;BILFG6;Fächergruppen;FACHGR-ZE-02;Zentr.Einricht.d.Hochschulkliniken (nur Humanmed.);GES;Geschlecht;GESM;männlich;39;Anzahl;BIL050;Professoren
21341;Statistik des Hochschulpersonals;JAHR;Jahr;2023;DINSG;Deutschland insgesamt;DG;Deutschland;BILFG6;Fächergruppen;FACHGR-ZE-02;Zentr.Einricht.d.Hochschulkliniken (nur Humanmed.);GES;Geschlecht;GESM;männlich;39;Anzahl;BIL050;Professoren
21341;Statistik des Hochschulpersonals;JAHR;Jahr;2019;DINSG;Deutschland insgesamt;DG;Deutschland;BILFG6;Fächergruppen;;Insgesamt;GES;Geschlecht;GESW;weiblich;12408;Anzahl;BIL050;Professoren
21341;Statistik des Hochschulpersonals;JAHR;Jahr;2020;DINSG;Deutschland insgesamt;DG;Deutschland;BILFG6;Fächergruppen;FACHGR-KUNSTW;Kunst, Kunstwissenschaft;GES;Geschlecht;GESW;weiblich;1354;Anzahl;BIL050;Professoren
21341;Statistik des Hochschulpersonals;JAHR;Jahr;2018;DINSG;Deutschland insgesamt;DG;Deutschland;BILFG6;Fächergruppen;FACHGR-AGRW;Agrar-, Forst- und Ernährungswissenschaften;GES;Geschlecht;GESW;weiblich;-;Anzahl;BIL050;Professoren
21341;Statistik des Hochschulpersonals;JAHR;Jahr;2022;DINSG;Deutschland insgesamt;DG;Deutschland;BILFG6;Fächergruppen;;Insgesamt;GES;Geschlecht;GESM;männlich;36835;Anzahl;BIL050;Professoren
21341;Statistik des Hochschulpersonals;JAHR;Jahr;2020;DINSG;Deutschland insgesamt;DG;Deutschland;BILFG6;Fächergruppen;FACHGR-ZE-01;Zentr.Einrichtungen (o. klinikspez. Einrichtungen);GES;Geschlecht;GESW;weiblich;177;Anzahl;BIL050;Professoren
21341;Statistik des Hochschulpersonals;JAHR;Jahr;2019;DINSG;Deutschland insgesamt;DG;Deutschland;BILFG6;Fächergruppen;FACHGR-SPR;Sport;GES;Geschlecht;GESM;männlich;211;Anzahl;BIL050;Professoren
21341;Statistik des Hochschulpersonals;JAHR;Jahr;2019;DINSG;Deutschland insgesamt;DG;Deutschland;BILFG6;Fächergruppen;FACHGR-ZE-02;Zentr.Einricht.d.Hochschulkliniken (nur Humanmed.);GES;Geschlecht;GESM;männlich;21;Anzahl;BIL050;Professoren
21341;Statistik des Hochschulpersonals;JAHR;Jahr;2022;DINSG;Deutschland insgesamt;DG;Deutschland;BILFG6;Fächergruppen;FACHGR-MEDVET;Veterinärmedizin;GES;Geschlecht;GESM;männlich;-;Anzahl;BIL050;Professoren
21341;Statistik des Hochschulpersonals;JAHR;Jahr;2023;DINSG;Deutschland insgesamt;DG;Deutschland;BILFG6;Fächergruppen;FACHGR-MEDHUM;Humanmedizin/Gesundheitswissenschaften;GES;Geschlecht;GESM;männlich;3721;Anzahl;BIL050;Professoren
21341;Statistik des Hochschulpersonals;JAHR;Jahr;2022;DINSG;Deutschland insgesamt;DG;Deutschland;BILFG6;Fächergruppen;FACHGR-RWSW;Rechts-, Wirtschafts- und Sozialwissenschaften;GES;Geschlecht;GESW;weiblich;5179;Anzahl;BIL050;Professoren
21341;Statistik des Hochschulpersonals;JAHR;Jahr;2019;DINSG;Deutschland insgesamt;DG;Deutschland;BILFG6;Fächergruppen;FACHGR-AGRVET;Agrar-, Forst- u.Ernährungswiss., Veterinärmedizin;GES;Geschlecht;GESW;weiblich;346;Anzahl;BIL050;Professoren
21341;Statistik des Hochschulpersonals;JAHR;Jahr;2022;DINSG;Deutschland insgesamt;DG;Deutschland;BILFG6;Fächergruppen;FACHGR-ZE-02;Zentr.Einricht.d.Hochschulkliniken (nur Humanmed.);GES;Geschlecht;GESW;weiblich;10;Anzahl;BIL050;Professoren
21341;Statistik des Hochschulpersonals;JAHR;Jahr;2023;DINSG;Deutschland insgesamt;DG;Deutschland;BILFG6;Fächergruppen;FACHGR-ZE-01;Zentr.Einrichtungen (o. klinikspez. Einrichtungen);GES;Geschlecht;GESM;männlich;446;Anzahl;BIL050;Professoren
21341;Statistik des Hochschulpersonals;JAHR;Jahr;2018;DINSG;Deutschland insgesamt;DG;Deutschland;BILFG6;Fächergruppen;FACHGR-MEDVET;Veterinärmedizin;GES;Geschlecht;GESM;männlich;-;Anzahl;BIL050;Professoren
21341;Statistik des Hochschulpersonals;JAHR;Jahr;2019;DINSG;Deutschland insgesamt;DG;Deutschland;BILFG6;Fächergruppen;FACHGR-MEDHUM;Humanmedizin/Gesundheitswissenschaften;GES;Geschlecht;GESM;männlich;3344;Anzahl;BIL050;Professoren
21341;Statistik des Hochschulpersonals;JAHR;Jahr;2020;DINSG;Deutschland insgesamt;DG;Deutschland;BILFG6;Fächergruppen;FACHGR-SPR;Sport;GES;Geschlecht;GESM;männlich;206;Anzahl;BIL050;Professoren
21341;Statistik des Hochschulpersonals;JAHR;Jahr;2019;DINSG;Deutschland insgesamt;DG;Deutschland;BILFG6;Fächergruppen;FACHGR-SKW;Geisteswissenschaften;GES;Geschlecht;GESW;weiblich;1839;Anzahl;BIL050;Professoren
21341;Statistik des Hochschulpersonals;JAHR;Jahr;2018;DINSG;Deutschland insgesamt;DG;Deutschland;BILFG6;Fächergruppen;FACHGR-KUNSTW;Kunst, Kunstwissenschaft;GES;Geschlecht;GESM;männlich;2475;Anzahl;BIL050;Professoren
21341;Statistik des Hochschulpersonals;JAHR;Jahr;2023;DINSG;Deutschland insgesamt;DG;Deutschland;BILFG6;Fächergruppen;FACHGR-AGRVET;Agrar-, Forst- u.Ernährungswiss., Veterinärmedizin;GES;Geschlecht;GESW;weiblich;434;Anzahl;BIL050;Professoren
21341;Statistik des Hochschulpersonals;JAHR;Jahr;2020;DINSG;Deutschland insgesamt;DG;Deutschland;BILFG6;Fächergruppen;FACHGR-AGRW;Agrar-, Forst- und Ernährungswissenschaften;GES;Geschlecht;GESW;weiblich;-;Anzahl;BIL050;Professoren
21341;Statistik des Hochschulpersonals;JAHR;Jahr;2018;DINSG;Deutschland insgesamt;DG;Deutschland;BILFG6;Fächergruppen;FACHGR-MEDHUM;Humanmedizin/Gesundheitswissenschaften;GES;Geschlecht;GESW;weiblich;1023;Anzahl;BIL050;Professoren
21341;Statistik des Hochschulpersonals;JAHR;Jahr;2020;DINSG;Deutschland insgesamt;DG;Deutschland;BILFG6;Fächergruppen;FACHGR-NATW;Mathematik, Naturwissenschaften;GES;Geschlecht;GESM;männlich;5076;Anzahl;BIL050;Professoren
21341;Statistik des Hochschulpersonals;JAHR;Jahr;2020;DINSG;Deutschland insgesamt;DG;Deutschland;BILFG6;Fächergruppen;FACHGR-AGRVET;Agrar-, Forst- u.Ernährungswiss., Veterinärmedizin;GES;Geschlecht;GESM;männlich;832;Anzahl;BIL050;Professoren
21341;Statistik des Hochschulpersonals;JAHR;Jahr;2021;DINSG;Deutschland insgesamt;DG;Deutschland;BILFG6;Fächergruppen;FACHGR-MEDVET;Veterinärmedizin;GES;Geschlecht;GESW;weiblich;-;Anzahl;BIL050;Professoren
21341;Statistik des Hochschulpersonals;JAHR;Jahr;2022;DINSG;Deutschland insgesamt;DG;Deutschland;BILFG6;Fächergruppen;FACHGR-MEDHUM;Humanmedizin/Gesundheitswissenschaften;GES;Geschlecht;GESW;weiblich;1445;Anzahl;BIL050;Professoren
21341;Statistik des Hochschulpersonals;JAHR;Jahr;2021;DINSG;Deutschland insgesamt;DG;Deutschland;BILFG6;Fächergruppen;;Insgesamt;GES;Geschlecht;GESM;männlich;36596;Anzahl;BIL050;Professoren
21341;Statistik des Hochschulpersonals;JAHR;Jahr;2022;DINSG;Deutschland insgesamt;DG;Deutschland;BILFG6;Fächergruppen;FACHGR-INGW;Ingenieurwissenschaften;GES;Geschlecht;GESW;weiblich;2046;Anzahl;BIL050;Professoren
21341;Statistik des Hochschulpersonals;JAHR;Jahr;2021;DINSG;Deutschland insgesamt;DG;Deutschland;BILFG6;Fächergruppen;FACHGR-NATW;Mathematik, Naturwissenschaften;GES;Geschlecht;GESM;männlich;5096;Anzahl;BIL050;Professoren
21341;Statistik des Hochschulpersonals;JAHR;Jahr;2018;DINSG;Deutschland insgesamt;DG;Deutschland;BILFG6;Fächergruppen;;Insgesamt;GES;Geschlecht;GESW;weiblich;11902;Anzahl;BIL050;Professoren
21341;Statistik des Hochschulpersonals;JAHR;Jahr;2019;DINSG;Deutschland insgesamt;DG;Deutschland;BILFG6;Fächergruppen;FACHGR-ZE-01;Zentr.Einrichtungen (o. klinikspez. Einrichtungen);GES;Geschlecht;GESW;weiblich;176;Anzahl;BIL050;Professoren
21341;Statistik des Hochschulpersonals;JAHR;Jahr;2019;DINSG;Deutschland insgesamt;DG;Deutschland;BILFG6;Fächergruppen;FACHGR-AGRW;Agrar-, Forst- und Ernährungswissenschaften;GES;Geschlecht;GESM;männlich;-;Anzahl;BIL050;Professoren
21341;Statistik des Hochschulpersonals;JAHR;Jahr;2023;DINSG;Deutschland insgesamt;DG;Deutschland;BILFG6;Fächergruppen;FACHGR-INGW;Ingenieurwissenschaften;GES;Geschlecht;GESW;weiblich;2104;Anzahl;BIL050;Professoren
21341;Statistik des Hochschulpersonals;JAHR;Jahr;2022;DINSG;Deutschland insgesamt;DG;Deutschland;BILFG6;Fächergruppen;FACHGR-SPR;Sport;GES;Geschlecht;GESM;männlich;225;Anzahl;BIL050;Professoren
21341;Statistik des Hochschulpersonals;JAHR;Jahr;2020;DINSG;Deutschland insgesamt;DG;Deutschland;BILFG6;Fächergruppen;FACHGR-MEDVET;Veterinärmedizin;GES;Geschlecht;GESW;weiblich;-;Anzahl;BIL050;Professoren
21341;Statistik des Hochschulpersonals;JAHR;Jahr;2023;DINSG;Deutschland insgesamt;DG;Deutschland;BILFG6;Fächergruppen;FACHGR-ZE-02;Zentr.Einricht.d.Hochschulkliniken (nur Humanmed.);GES;Geschlecht;GESW;weiblich;17;Anzahl;BIL050;Professoren
21341;Statistik des Hochschulpersonals;JAHR;Jahr;2018;DINSG;Deutschland insgesamt;DG;Deutschland;BILFG6;Fächergruppen;FACHGR-ZE-01;Zentr.Einrichtungen (o. klinikspez. Einrichtungen);GES;Geschlecht;GESW;weiblich;184;Anzahl;BIL050;Professoren
21341;Statistik des Hochschulpersonals;JAHR;Jahr;2018;DINSG;Deutschland insgesamt;DG;Deutschland;BILFG6;Fächergruppen;FACHGR-SKW;Geisteswissenschaften;GES;Geschlecht;GESM;männlich;2892;Anzahl;BIL050;Professoren
21341;Statistik des Hochschulpersonals;JAHR;Jahr;2018;DINSG;Deutschland insgesamt;DG;Deutschland;BILFG6;Fächergruppen;FACHGR-INGW;Ingenieurwissenschaften;GES;Geschlecht;GESM;männlich;10836;Anzahl;BIL050;Professoren
21341;Statistik des Hochschulpersonals;JAHR;Jahr;2021;DINSG;Deutschland insgesamt;DG;Deutschland;BILFG6;Fächergruppen;FACHGR-MEDHUM;Humanmedizin/Gesundheitswissenschaften;GES;Geschlecht;GESW;weiblich;1327;Anzahl;BIL050;Professoren
21341;Statistik des Hochschulpersonals;JAHR;Jahr;2021;DINSG;Deutschland insgesamt;DG;Deutschland;BILFG6;Fächergruppen;FACHGR-SPR;Sport;GES;Geschlecht;GESW;weiblich;84;Anzahl;BIL050;Professoren
21341;Statistik des Hochschulpersonals;JAHR;Jahr;2021;DINSG;Deutschland insgesamt;DG;Deutschland;BILFG6;Fächergruppen;FACHGR-ZE-01;Zentr.Einrichtungen (o. klinikspez. Einrichtungen);GES;Geschlecht;GESW;weiblich;196;Anzahl;BIL050;Professoren
21341;Statistik des Hochschulpersonals;JAHR;Jahr;2023;DINSG;Deutschland insgesamt;DG;Deutschland;BILFG6;Fächergruppen;FACHGR-SPR;Sport;GES;Geschlecht;GESW;weiblich;85;Anzahl;BIL050;Professoren
21341;Statistik des Hochschulpersonals;JAHR;Jahr;2020;DINSG;Deutschland insgesamt;DG;Deutschland;BILFG6;Fächergruppen;FACHGR-SPR;Sport;GES;Geschlecht;GESW;weiblich;81;Anzahl;BIL050;Professoren
21341;Statistik des Hochschulpersonals;JAHR;Jahr;2018;DINSG;Deutschland insgesamt;DG;Deutschland;BILFG6;Fächergruppen;FACHGR-MEDVET;Veterinärmedizin;GES;Geschlecht;GESW;weiblich;-;Anzahl;BIL050;Professoren
21341;Statistik des Hochschulpersonals;JAHR;Jahr;2019;DINSG;Deutschland insgesamt;DG;Deutschland;BILFG6;Fächergruppen;FACHGR-MEDHUM;Humanmedizin/Gesundheitswissenschaften;GES;Geschlecht;GESW;weiblich;1098;Anzahl;BIL050;Professoren
21341;Statistik des Hochschulpersonals;JAHR;Jahr;2021;DINSG;Deutschland insgesamt;DG;Deutschland;BILFG6;Fächergruppen;FACHGR-ZE-02;Zentr.Einricht.d.Hochschulkliniken (nur Humanmed.);GES;Geschlecht;GESW;weiblich;16;Anzahl;BIL050;Professoren
21341;Statistik des Hochschulpersonals;JAHR;Jahr;2021;DINSG;Deutschland insgesamt;DG;Deutschland;BILFG6;Fächergruppen;FACHGR-AGRW;Agrar-, Forst- und Ernährungswissenschaften;GES;Geschlecht;GESW;weiblich;-;Anzahl;BIL050;Professoren
21341;Statistik des Hochschulpersonals;JAHR;Jahr;2020;DINSG;Deutschland insgesamt;DG;Deutschland;BILFG6;Fächergruppen;;Insgesamt;GES;Geschlecht;GESM;männlich;36344;Anzahl;BIL050;Professoren
21341;Statistik des Hochschulpersonals;JAHR;Jahr;2018;DINSG;Deutschland insgesamt;DG;Deutschland;BILFG6;Fächergruppen;FACHGR-AGRVET;Agrar-, Forst- u.Ernährungswiss., Veterinärmedizin;GES;Geschlecht;GESW;weiblich;336;Anzahl;BIL050;Professoren
21341;Statistik des Hochschulpersonals;JAHR;Jahr;2020;DINSG;Deutschland insgesamt;DG;Deutschland;BILFG6;Fächergruppen;FACHGR-NATW;Mathematik, Naturwissenschaften;GES;Geschlecht;GESW;weiblich;1325;Anzahl;BIL050;Professoren
21341;Statistik des Hochschulpersonals;JAHR;Jahr;2018;DINSG;Deutschland insgesamt;DG;Deutschland;BILFG6;Fächergruppen;FACHGR-MEDHUM;Humanmedizin/Gesundheitswissenschaften;GES;Geschlecht;GESM;männlich;3295;Anzahl;BIL050;Professoren
21341;Statistik des Hochschulpersonals;JAHR;Jahr;2020;DINSG;Deutschland insgesamt;DG;Deutschland;BILFG6;Fächergruppen;FACHGR-MEDHUM;Humanmedizin/Gesundheitswissenschaften;GES;Geschlecht;GESW;weiblich;1208;Anzahl;BIL050;Professoren
21341;Statistik des Hochschulpersonals;JAHR;Jahr;2021;DINSG;Deutschland insgesamt;DG;Deutschland;BILFG6;Fächergruppen;FACHGR-KUNSTW;Kunst, Kunstwissenschaft;GES;Geschlecht;GESW;weiblich;1412;Anzahl;BIL050;Professoren
21341;Statistik des Hochschulpersonals;JAHR;Jahr;2018;DINSG;Deutschland insgesamt;DG;Deutschland;BILFG6;Fächergruppen;FACHGR-SPR;Sport;GES;Geschlecht;GESW;weiblich;65;Anzahl;BIL050;Professoren
21341;Statistik des Hochschulpersonals;JAHR;Jahr;2019;DINSG;Deutschland insgesamt;DG;Deutschland;BILFG6;Fächergruppen;;Insgesamt;GES;Geschlecht;GESM;männlich;36139;Anzahl;BIL050;Professoren
21341;Statistik des Hochschulpersonals;JAHR;Jahr;2023;DINSG;Deutschland insgesamt;DG;Deutschland;BILFG6;Fächergruppen;FACHGR-AGRVET;Agrar-, Forst- u.Ernährungswiss., Veterinärmedizin;GES;Geschlecht;GESM;männlich;796;Anzahl;BIL050;Professoren
21341;Statistik des Hochschulpersonals;JAHR;Jahr;2019;DINSG;Deutschland insgesamt;DG;Deutschland;BILFG6;Fächergruppen;FACHGR-INGW;Ingenieurwissenschaften;GES;Geschlecht;GESM;männlich;10829;Anzahl;BIL050;Professoren
21341;Statistik des Hochschulpersonals;JAHR;Jahr;2023;DINSG;Deutschland insgesamt;DG;Deutschland;BILFG6;Fächergruppen;FACHGR-RWSW;Rechts-, Wirtschafts- und Sozialwissenschaften;GES;Geschlecht;GESW;weiblich;5427;Anzahl;BIL050;Professoren
21341;Statistik des Hochschulpersonals;JAHR;Jahr;2018;DINSG;Deutschland insgesamt;DG;Deutschland;BILFG6;Fächergruppen;FACHGR-NATW;Mathematik, Naturwissenschaften;GES;Geschlecht;GESW;weiblich;1239;Anzahl;BIL050;Professoren
21341;Statistik des Hochschulpersonals;JAHR;Jahr;2022;DINSG;Deutschland insgesamt;DG;Deutschland;BILFG6;Fächergruppen;FACHGR-NATW;Mathematik, Naturwissenschaften;GES;Geschlecht;GESW;weiblich;1459;Anzahl;BIL050;Professoren
21341;Statistik des Hochschulpersonals;JAHR;Jahr;2023;DINSG;Deutschland insgesamt;DG;Deutschland;BILFG6;Fächergruppen;FACHGR-MEDVET;Veterinärmedizin;GES;Geschlecht;GESM;männlich;-;Anzahl;BIL050;Professoren
21341;Statistik des Hochschulpersonals;JAHR;Jahr;2021;DINSG;Deutschland insgesamt;DG;Deutschland;BILFG6;Fächergruppen;FACHGR-RWSW;Rechts-, Wirtschafts- und Sozialwissenschaften;GES;Geschlecht;GESW;weiblich;4972;Anzahl;BIL050;Professoren
21341;Statistik des Hochschulpersonals;JAHR;Jahr;2023;DINSG;Deutschland insgesamt;DG;Deutschland;BILFG6;Fächergruppen;;Insgesamt;GES;Geschlecht;GESW;weiblich;14934;Anzahl;BIL050;Professoren
21341;Statistik des Hochschulpersonals;JAHR;Jahr;2023;DINSG;Deutschland insgesamt;DG;Deutschland;BILFG6;Fächergruppen;FACHGR-NATW;Mathematik, Naturwissenschaften;GES;Geschlecht;GESW;weiblich;1575;Anzahl;BIL050;Professoren
21341;Statistik des Hochschulpersonals;JAHR;Jahr;2023;DINSG;Deutschland insgesamt;DG;Deutschland;BILFG6;Fächergruppen;FACHGR-KUNSTW;Kunst, Kunstwissenschaft;GES;Geschlecht;GESW;weiblich;1509;Anzahl;BIL050;Professoren
21341;Statistik des Hochschulpersonals;JAHR;Jahr;2021;DINSG;Deutschland insgesamt;DG;Deutschland;BILFG6;Fächergruppen;FACHGR-AGRVET;Agrar-, Forst- u.Ernährungswiss., Veterinärmedizin;GES;Geschlecht;GESW;weiblich;386;Anzahl;BIL050;Professoren
21341;Statistik des Hochschulpersonals;JAHR;Jahr;2023;DINSG;Deutschland insgesamt;DG;Deutschland;BILFG6;Fächergruppen;FACHGR-SKW;Geisteswissenschaften;GES;Geschlecht;GESM;männlich;2728;Anzahl;BIL050;Professoren
21341;Statistik des Hochschulpersonals;JAHR;Jahr;2022;DINSG;Deutschland insgesamt;DG;Deutschland;BILFG6;Fächergruppen;FACHGR-AGRVET;Agrar-, Forst- u.Ernährungswiss., Veterinärmedizin;GES;Geschlecht;GESW;weiblich;404;Anzahl;BIL050;Professoren
21341;Statistik des Hochschulpersonals;JAHR;Jahr;2021;DINSG;Deutschland insgesamt;DG;Deutschland;BILFG6;Fächergruppen;FACHGR-MEDHUM;Humanmedizin/Gesundheitswissenschaften;GES;Geschlecht;GESM;männlich;3593;Anzahl;BIL050;Professoren
21341;Statistik des Hochschulpersonals;JAHR;Jahr;2020;DINSG;Deutschland insgesamt;DG;Deutschland;BILFG6;Fächergruppen;FACHGR-AGRVET;Agrar-, Forst- u.Ernährungswiss., Veterinärmedizin;GES;Geschlecht;GESW;weiblich;350;Anzahl;BIL050;Professoren
21341;Statistik des Hochschulpersonals;JAHR;Jahr;2022;DINSG;Deutschland insgesamt;DG;Deutschland;BILFG6;Fächergruppen;FACHGR-MEDHUM;Humanmedizin/Gesundheitswissenschaften;GES;Geschlecht;GESM;männlich;3639;Anzahl;BIL050;Professoren
21341;Statistik des Hochschulpersonals;JAHR;Jahr;2021;DINSG;Deutschland insgesamt;DG;Deutschland;BILFG6;Fächergruppen;FACHGR-MEDVET;Veterinärmedizin;GES;Geschlecht;GESM;männlich;-;Anzahl;BIL050;Professoren
21341;Statistik des Hochschulpersonals;JAHR;Jahr;2022;DINSG;Deutschland insgesamt;DG;Deutschland;BILFG6;Fächergruppen;FACHGR-SKW;Geisteswissenschaften;GES;Geschlecht;GESW;weiblich;2016;Anzahl;BIL050;Professoren
21341;Statistik des Hochschulpersonals;JAHR;Jahr;2018;DINSG;Deutschland insgesamt;DG;Deutschland;BILFG6;Fächergruppen;;Insgesamt;GES;Geschlecht;GESM;männlich;36209;Anzahl;BIL050;Professoren
21341;Statistik des Hochschulpersonals;JAHR;Jahr;2019;DINSG;Deutschland insgesamt;DG;Deutschland;BILFG6;Fächergruppen;FACHGR-MEDVET;Veterinärmedizin;GES;Geschlecht;GESM;männlich;-;Anzahl;BIL050;Professoren
21341;Statistik des Hochschulpersonals;JAHR;Jahr;2020;DINSG;Deutschland insgesamt;DG;Deutschland;BILFG6;Fächergruppen;FACHGR-MEDVET;Veterinärmedizin;GES;Geschlecht;GESM;männlich;-;Anzahl;BIL050;Professoren
