,year,subj_grp_code,subj_grp_name,gender,number
0,2018,SB-NATW-08,Geowissenschaften (ohne Geographie),m,2069
1,2018,SB-KUNSTW-03,Gestaltung,m,917
2,2021,SB-NATW-05,Chemie,f,3565
3,2022,SB-KUNSTW-04,"Darstellende Kunst, Film u.Fernsehen, Theaterwiss.",m,370
4,2020,SB-INGW-09,Vermessungswesen,m,442
5,2022,HRZ-01,Hochschulrechenzentrum,m,854
6,2019,SB-KUNSTW-03,Gestaltung,f,641
7,2018,SB-NATW-01,"Mathematik, Naturwissenschaften allgemein",f,276
8,2018,KL-ZD-01,"Kliniken insgesamt, Zentrale Dienste",f,787
9,2020,SB-NATW-06,Pharmazie,f,735
10,2022,THEOL-KT-01,Katholische Theologie,m,573
11,2021,SB-RWSW-05,Sozialwesen,m,1045
12,2020,SB-INGW-02,"Bergbau, Hüttenwesen",f,133
13,2019,EINR-WISS-01,Zentrale wissenschaftliche Einrichtungen,f,3810
14,2020,MEDHUM-KP-01,Klinisch-prakt. Humanmedizin (ohne Zahnmedizin),f,24088
15,2019,SB-NATW-07,Biologie,m,5052
16,2022,SF013,Architektur,m,1663
17,2020,SB-SKW-09,"Germanistik (Deutsch, germ. Sprachen o. Anglistik)",m,1389
18,2021,SB-AGRW-01,"Landespflege, Umweltgestaltung",f,257
19,2020,SB-AGRW-03,"Forstwissenschaft, Holzwirtschaft",f,259
20,2019,SB-AGRW-03,"Forstwissenschaft, Holzwirtschaft",m,469
21,2019,KL-EINR-AUSB-01,Übrige Ausbildungseinrichtungen der Kliniken,f,89
22,2018,SB-INGW-04,Elektro- und Informationstechnik,m,7818
23,2022,SB-SKW-01,Geisteswissenschaften allgemein,f,522
24,2022,SB-RWSW-10,Psychologie,f,3586
25,2022,SKW-SONST-01,Sonstige Sprach- und Kulturwissenschaften,m,709
26,2019,MEDHUM-VK-01,Vorklinische Humanmedizin (einschl. Zahnmedizin),m,2166
27,2020,MEDHUM-ALLG-01,Humanmedizin allgemein,f,442
28,2023,FACHGR-INGW-01,Ingenieurwissenschaften allgemein,m,1914
29,2021,SB-INGW-08,Bauingenieurwesen,m,3572
30,2018,FACHGR-INGW-01,Ingenieurwissenschaften allgemein,f,590
31,2021,SB-MEDHUM-01,Gesundheitswissenschaften,m,823
32,2023,SB-KUNSTW-04,"Darstellende Kunst, Film u.Fernsehen, Theaterwiss.",f,427
33,2019,HRZ-01,Hochschulrechenzentrum,f,213
34,2022,KL-EINR-AUSB-01,Übrige Ausbildungseinrichtungen der Kliniken,m,49
35,2021,PHIL-KLASS-01,Altphilologie (klassische Philologie),m,287
36,2020,SB-SKW-01,Geisteswissenschaften allgemein,f,549
37,2021,SB-RWSW-12,Kommunikationswissenschaft/Publizistik,f,410
38,2019,SB-SKW-09,"Germanistik (Deutsch, germ. Sprachen o. Anglistik)",m,1389
39,2021,SB-SKW-01,Geisteswissenschaften allgemein,f,536
40,2018,SB-SKW-09,"Germanistik (Deutsch, germ. Sprachen o. Anglistik)",m,1384
41,2022,SB-INGW-07,Raumplanung,m,367
42,2018,SKW-SONST-01,Sonstige Sprach- und Kulturwissenschaften,m,709
43,2023,SB-RWSW-02,Regionalwissenschaften,m,78
44,2023,SB-NATW-02,Mathematik,f,1704
45,2020,SB-RWSW-12,Kommunikationswissenschaft/Publizistik,f,361
46,2021,SB-RWSW-11,Erziehungswissenschaften,f,4371
47,2023,EINR-SOZ-01,Soziale Einrichtungen,m,9
48,2020,MEDVET-ALLG-01,Veterinärmedizin allgemein,m,0
49,2023,EINR-VERS-01,Zentrale Betriebs- und Versorgungseinrichtungen,f,129
50,2022,EINR-KLFRMD-02,Mit der Klinik verbundene u.klinikfremde Einricht.,m,25
51,2020,SB-AGRW-02,"Agrarwissensch., Lebensmittel- u. Getränketechnik",f,1328
52,2022,KL-ZD-01,"Kliniken insgesamt, Zentrale Dienste",m,1058
53,2018,MEDHUM-KT-01,Klinisch-theor. Humanmedizin (einschl.Zahnmedizin),f,5421
54,2018,MEDHUM-ALLG-01,Humanmedizin allgemein,m,332
55,2019,MEDZN-KP-01,Zahnmedizin (klinisch-praktisch),m,1083
56,2022,MEDHUM-KT-01,Klinisch-theor. Humanmedizin (einschl.Zahnmedizin),f,6878
57,2022,SB-INGW-12,Informatik,f,2665
58,2021,FACHGR-RWSW-01,"Rechts-, Wirtschafts- u.Sozialwissenschaften allg.",f,325
59,2020,AFEW-ALLG-01,"Agrar-, Forst- und Ernährungswissenschaften allg.",f,86
60,2022,SB-RWSW-04,Sozialwissenschaften/Soziologie,m,1534
61,2022,SB-MEDHUM-01,Gesundheitswissenschaften,f,1569
62,2019,SB-KUNSTW-02,Bildende Kunst,f,324
63,2018,SB-AGRW-04,Ernährungs- und Haushaltswissenschaften,m,191
64,2023,SB-INGW-05,"Verkehrstechnik, Nautik",m,2172
65,2020,KL-EINR-SOZ-01,Soziale Einrichtungen der Kliniken,f,14
66,2020,SB-KUNSTW-01,"Kunst, Kunstwissenschaft allgemein",f,768
67,2023,THEOL-EV-01,Evangelische Theologie,m,646
68,2022,SB-NATW-04,"Physik, Astronomie",f,2291
69,2018,SB-MEDHUM-01,Gesundheitswissenschaften,f,1120
70,2023,PHIL-KLASS-01,Altphilologie (klassische Philologie),m,274
71,2022,SB-KUNSTW-05,"Musik, Musikwissenschaft",m,2120
72,2021,SF013,Architektur,m,1628
73,2022,SB-RWSW-03,Politikwissenschaft,m,1174
74,2020,SB-SKW-14,Kulturwissenschaften i.e.S.,f,315
75,2022,SB-SKW-14,Kulturwissenschaften i.e.S.,f,334
76,2018,SB-NATW-07,Biologie,m,5042
77,2023,SB-KUNSTW-05,"Musik, Musikwissenschaft",f,1221
78,2023,MEDHUM-VK-01,Vorklinische Humanmedizin (einschl. Zahnmedizin),m,2187
79,2018,SB-KUNSTW-04,"Darstellende Kunst, Film u.Fernsehen, Theaterwiss.",m,413
80,2019,MEDVET-VK-01,Vorklinische Veterinärmedizin,m,106
81,2018,SB-NATW-09,Geographie,m,1099
82,2020,EINR-HSFRMD-02,Mit der Hochschule verb. u. hochschulfr. Einricht.,f,112
83,2022,SB-RWSW-05,Sozialwesen,m,1029
84,2019,SB-AGRW-02,"Agrarwissensch., Lebensmittel- u. Getränketechnik",m,1579
85,2019,SB-SKW-17,Sonderpädagogik,f,0
86,2020,MEDVET-VK-01,Vorklinische Veterinärmedizin,m,103
87,2018,MEDVET-KT-01,Klinisch-theoretische Veterinärmedizin,f,347
88,2019,SB-AGRW-04,Ernährungs- und Haushaltswissenschaften,m,197
89,2023,SB-KUNSTW-03,Gestaltung,f,774
90,2018,SB-SKW-01,Geisteswissenschaften allgemein,f,741
91,2022,SB-INGW-05,"Verkehrstechnik, Nautik",m,2201
92,2022,MEDVET-ALLG-01,Veterinärmedizin allgemein,f,12
93,2021,SB-INGW-09,Vermessungswesen,m,479
94,2021,SB-INGW-07,Raumplanung,m,367
95,2021,MEDHUM-KT-01,Klinisch-theor. Humanmedizin (einschl.Zahnmedizin),m,6126
96,2019,SB-NATW-08,Geowissenschaften (ohne Geographie),m,2066
97,2023,SB-INGW-11,Materialwissenschaft und Werkstofftechnik,f,547
98,2018,SB-INGW-03,Maschinenbau/Verfahrenstechnik,m,13406
99,2023,SB-RWSW-03,Politikwissenschaft,m,1066
100,2018,SB-KUNSTW-02,Bildende Kunst,m,459
101,2023,SB-NATW-04,"Physik, Astronomie",f,2387
102,2019,FACHGR-RWSW-01,"Rechts-, Wirtschafts- u.Sozialwissenschaften allg.",m,658
103,2021,SB-SKW-07,Allg. und vergl. Literatur- und Sprachwissenschaft,m,630
104,2022,BIB-ZENTRAL-01,Zentralbibliothek,m,213
105,2021,KL-ZD-01,"Kliniken insgesamt, Zentrale Dienste",m,1108
106,2023,SB-RWSW-04,Sozialwissenschaften/Soziologie,m,1584
107,2018,KL-EINR-SOZ-01,Soziale Einrichtungen der Kliniken,m,9
108,2019,SB-INGW-04,Elektro- und Informationstechnik,m,7865
109,2022,EINR-WISS-01,Zentrale wissenschaftliche Einrichtungen,m,4007
110,2023,SB-INGW-12,Informatik,f,2854
111,2019,SB-NATW-05,Chemie,m,7493
112,2019,EINR-SOZ-01,Soziale Einrichtungen,m,14
113,2021,MEDHUM-ALLG-01,Humanmedizin allgemein,m,790
114,2023,SB-SKW-09,"Germanistik (Deutsch, germ. Sprachen o. Anglistik)",m,1322
115,2019,SB-NATW-06,Pharmazie,m,1021
116,2018,SB-INGW-05,"Verkehrstechnik, Nautik",m,1707
117,2023,SKW-SONST-01,Sonstige Sprach- und Kulturwissenschaften,f,827
118,2019,SB-INGW-02,"Bergbau, Hüttenwesen",m,375
119,2020,SB-INGW-07,Raumplanung,m,332
120,2019,SB-SKW-18,Islamische Studien/Islamische Theologie,f,55
121,2021,SB-SKW-09,"Germanistik (Deutsch, germ. Sprachen o. Anglistik)",m,1382
122,2019,SB-INGW-03,Maschinenbau/Verfahrenstechnik,m,13482
123,2023,SB-SKW-07,Allg. und vergl. Literatur- und Sprachwissenschaft,m,626
124,2022,MEDZN-KP-01,Zahnmedizin (klinisch-praktisch),f,1120
125,2020,SB-INGW-08,Bauingenieurwesen,m,3456
126,2018,EINR-VERS-01,Zentrale Betriebs- und Versorgungseinrichtungen,m,93
127,2020,BIB-ZENTRAL-01,Zentralbibliothek,f,233
128,2019,SB-AGRW-01,"Landespflege, Umweltgestaltung",m,289
129,2020,SB-INGW-04,Elektro- und Informationstechnik,f,1377
130,2019,SB-KUNSTW-05,"Musik, Musikwissenschaft",f,1068
131,2022,SB-KUNSTW-02,Bildende Kunst,m,440
132,2019,SB-INGW-11,Materialwissenschaft und Werkstofftechnik,f,431
133,2020,SB-RWSW-04,Sozialwissenschaften/Soziologie,m,1601
134,2023,HS-VERW-02,Zentral verwaltete Hörsäle und Lehrräume,f,0
135,2021,SB-KUNSTW-05,"Musik, Musikwissenschaft",f,1116
136,2023,MEDHUM-ALLG-01,Humanmedizin allgemein,f,624
137,2018,SB-NATW-06,Pharmazie,m,1008
138,2021,MEDVET-KT-01,Klinisch-theoretische Veterinärmedizin,m,245
139,2019,SB-SKW-14,Kulturwissenschaften i.e.S.,f,320
140,2018,SB-INGW-12,Informatik,f,1823
141,2022,SB-SKW-17,Sonderpädagogik,f,0
142,2019,SB-RWSW-11,Erziehungswissenschaften,m,2095
143,2019,FACHGR-INGW-01,Ingenieurwissenschaften allgemein,m,1665
144,2021,MEDVET-KP-01,Klinisch-praktische Veterinärmedizin,m,196
145,2019,SB-NATW-02,Mathematik,f,1629
146,2021,THEOL-KT-01,Katholische Theologie,f,348
147,2021,SB-SKW-17,Sonderpädagogik,f,0
148,2021,SB-INGW-03,Maschinenbau/Verfahrenstechnik,f,3365
149,2021,EINR-KLFRMD-02,Mit der Klinik verbundene u.klinikfremde Einricht.,f,20
150,2023,MEDHUM-KT-01,Klinisch-theor. Humanmedizin (einschl.Zahnmedizin),m,6397
151,2023,SB-AGRW-04,Ernährungs- und Haushaltswissenschaften,m,208
152,2018,SB-RWSW-12,Kommunikationswissenschaft/Publizistik,m,0
153,2022,EINR-SOZ-01,Soziale Einrichtungen,f,5
154,2023,KL-ZD-01,"Kliniken insgesamt, Zentrale Dienste",m,1165
155,2021,HRZ-01,Hochschulrechenzentrum,m,842
156,2019,MEDHUM-KP-01,Klinisch-prakt. Humanmedizin (ohne Zahnmedizin),f,22762
157,2018,SB-SKW-07,Allg. und vergl. Literatur- und Sprachwissenschaft,m,636
158,2022,EINR-SONST-01,Übrige Ausbildungseinrichtungen,m,236
159,2019,THEOL-EV-01,Evangelische Theologie,m,697
160,2021,SB-RWSW-03,Politikwissenschaft,m,1198
161,2020,THEOL-KT-01,Katholische Theologie,f,343
162,2018,AFEW-ALLG-01,"Agrar-, Forst- und Ernährungswissenschaften allg.",m,110
163,2020,KL-ZD-01,"Kliniken insgesamt, Zentrale Dienste",m,695
164,2022,SB-INGW-02,"Bergbau, Hüttenwesen",f,158
165,2018,SB-RWSW-10,Psychologie,f,3125
166,2020,SB-RWSW-09,Wirtschaftsingenieurw. mit wirtschaftsw. Schwerp.,m,672
167,2023,SB-NATW-08,Geowissenschaften (ohne Geographie),m,1893
168,2022,SB-RWSW-02,Regionalwissenschaften,m,72
169,2020,SB-SKW-07,Allg. und vergl. Literatur- und Sprachwissenschaft,m,643
170,2023,SB-NATW-07,Biologie,m,4883
171,2020,SB-RWSW-08,Wirtschaftswissenschaften,m,11021
172,2019,SB-SKW-07,Allg. und vergl. Literatur- und Sprachwissenschaft,m,619
173,2023,AFEW-ALLG-01,"Agrar-, Forst- und Ernährungswissenschaften allg.",f,361
174,2021,BIB-ZENTRAL-01,Zentralbibliothek,f,249
175,2018,SB-SKW-04,Philosophie,f,553
176,2020,PHIL-KLASS-01,Altphilologie (klassische Philologie),f,181
177,2020,SB-SKW-06,Informations- und Bibliothekswissenschaften,m,90
178,2021,MEDHUM-VK-01,Vorklinische Humanmedizin (einschl. Zahnmedizin),f,2239
179,2019,MEDVET-ALLG-01,Veterinärmedizin allgemein,f,5
180,2018,SB-AGRW-02,"Agrarwissensch., Lebensmittel- u. Getränketechnik",m,1569
181,2018,EINR-HSFRMD-02,Mit der Hochschule verb. u. hochschulfr. Einricht.,m,190
182,2022,SB-SKW-18,Islamische Studien/Islamische Theologie,f,62
183,2023,EINR-WISS-01,Zentrale wissenschaftliche Einrichtungen,f,4353
184,2021,SB-RWSW-08,Wirtschaftswissenschaften,m,10938
185,2018,SB-AGRW-03,"Forstwissenschaft, Holzwirtschaft",m,493
186,2020,EINR-SOZ-01,Soziale Einrichtungen,m,11
187,2022,SB-NATW-08,Geowissenschaften (ohne Geographie),m,2008
188,2023,HRZ-01,Hochschulrechenzentrum,m,852
189,2021,SB-RWSW-07,Verwaltungswissenschaften,m,1341
190,2018,SB-SKW-05,Geschichte,f,1438
191,2022,SB-NATW-09,Geographie,m,1077
192,2021,MEDVET-VK-01,Vorklinische Veterinärmedizin,f,179
193,2019,SB-KUNSTW-01,"Kunst, Kunstwissenschaft allgemein",f,765
194,2018,EINR-SOZ-01,Soziale Einrichtungen,f,14
195,2020,SB-RWSW-03,Politikwissenschaft,m,1066
196,2021,SB-SKW-14,Kulturwissenschaften i.e.S.,f,350
197,2022,SB-KUNSTW-03,Gestaltung,m,999
198,2019,SB-INGW-12,Informatik,f,1952
199,2023,HS-VERW-01,Zentrale Hochschulverwaltung,f,2206
200,2019,SB-RWSW-10,Psychologie,m,2111
201,2020,SB-INGW-05,"Verkehrstechnik, Nautik",f,251
202,2022,SB-SKW-19,Medienwissenschaft,m,310
203,2018,SB-NATW-02,Mathematik,f,1553
204,2019,SB-KUNSTW-04,"Darstellende Kunst, Film u.Fernsehen, Theaterwiss.",f,379
205,2020,SB-INGW-03,Maschinenbau/Verfahrenstechnik,f,3369
206,2018,SB-NATW-04,"Physik, Astronomie",f,2017
207,2021,SB-RWSW-04,Sozialwissenschaften/Soziologie,m,1605
208,2018,MEDVET-ALLG-01,Veterinärmedizin allgemein,f,5
209,2018,SB-INGW-11,Materialwissenschaft und Werkstofftechnik,f,423
210,2019,SB-RWSW-12,Kommunikationswissenschaft/Publizistik,m,0
211,2020,EINR-KLFRMD-02,Mit der Klinik verbundene u.klinikfremde Einricht.,f,13
212,2021,KL-EINR-SOZ-01,Soziale Einrichtungen der Kliniken,m,3
213,2020,SB-RWSW-05,Sozialwesen,m,1030
214,2021,SB-RWSW-02,Regionalwissenschaften,m,75
215,2018,MEDVET-KP-01,Klinisch-praktische Veterinärmedizin,m,206
216,2022,HS-VERW-02,Zentral verwaltete Hörsäle und Lehrräume,f,0
217,2021,SB-SKW-18,Islamische Studien/Islamische Theologie,f,68
218,2021,SB-INGW-04,Elektro- und Informationstechnik,f,1483
219,2023,KL-EINR-SOZ-01,Soziale Einrichtungen der Kliniken,f,36
220,2021,HS-01,Hochschule insgesamt,f,364
221,2023,SB-SKW-05,Geschichte,f,1521
222,2018,SB-AGRW-01,"Landespflege, Umweltgestaltung",m,344
223,2018,THEOL-EV-01,Evangelische Theologie,m,707
224,2019,MEDHUM-KT-01,Klinisch-theor. Humanmedizin (einschl.Zahnmedizin),m,5603
225,2019,SB-INGW-10,Wirtschaftsingenieurw. mit ingenieurw. Schwerpunkt,f,146
226,2021,EINR-SOZ-01,Soziale Einrichtungen,f,4
227,2022,SB-KUNSTW-01,"Kunst, Kunstwissenschaft allgemein",m,454
228,2018,SB-SKW-06,Informations- und Bibliothekswissenschaften,m,73
229,2020,HS-VERW-01,Zentrale Hochschulverwaltung,m,1474
230,2020,SF013,Architektur,m,1620
231,2020,SB-RWSW-07,Verwaltungswissenschaften,m,1343
232,2023,SB-NATW-09,Geographie,m,1108
233,2022,KL-EINR-SOZ-01,Soziale Einrichtungen der Kliniken,m,4
234,2023,SB-SKW-01,Geisteswissenschaften allgemein,f,536
235,2019,SB-NATW-01,"Mathematik, Naturwissenschaften allgemein",f,276
236,2023,SB-SKW-04,Philosophie,f,661
237,2021,SB-INGW-02,"Bergbau, Hüttenwesen",f,155
238,2022,MEDHUM-KP-01,Klinisch-prakt. Humanmedizin (ohne Zahnmedizin),m,23368
239,2018,SB-RWSW-11,Erziehungswissenschaften,m,2057
240,2020,MEDVET-KP-01,Klinisch-praktische Veterinärmedizin,f,473
241,2023,MEDVET-ALLG-01,Veterinärmedizin allgemein,m,1
242,2021,SB-SKW-12,"Slawistik, Baltistik, Finno-Ugristik",f,271
243,2020,HRZ-01,Hochschulrechenzentrum,m,878
244,2020,EINR-VERS-01,Zentrale Betriebs- und Versorgungseinrichtungen,m,89
245,2020,SKW-SONST-01,Sonstige Sprach- und Kulturwissenschaften,f,778
246,2018,SB-INGW-10,Wirtschaftsingenieurw. mit ingenieurw. Schwerpunkt,f,142
247,2023,MEDVET-KP-01,Klinisch-praktische Veterinärmedizin,f,557
248,2021,BIB-ZENTRAL-01,Zentralbibliothek,m,223
249,2021,HS-VERW-01,Zentrale Hochschulverwaltung,m,1547
250,2018,MEDVET-VK-01,Vorklinische Veterinärmedizin,f,161
251,2018,EINR-KLFRMD-02,Mit der Klinik verbundene u.klinikfremde Einricht.,f,19
252,2020,SB-RWSW-02,Regionalwissenschaften,m,76
253,2019,SB-NATW-04,"Physik, Astronomie",f,2035
254,2021,SB-INGW-05,"Verkehrstechnik, Nautik",f,275
255,2020,EINR-SONST-01,Übrige Ausbildungseinrichtungen,f,322
256,2019,SB-INGW-08,Bauingenieurwesen,f,1247
257,2020,SB-KUNSTW-03,Gestaltung,m,944
258,2021,MEDVET-ALLG-01,Veterinärmedizin allgemein,m,0
259,2021,SB-INGW-10,Wirtschaftsingenieurw. mit ingenieurw. Schwerpunkt,f,173
260,2020,HS-VERW-02,Zentral verwaltete Hörsäle und Lehrräume,m,0
261,2022,SB-AGRW-03,"Forstwissenschaft, Holzwirtschaft",m,408
262,2019,KL-EINR-SOZ-01,Soziale Einrichtungen der Kliniken,m,5
263,2018,SB-NATW-05,Chemie,f,3389
264,2023,EINR-KLFRMD-02,Mit der Klinik verbundene u.klinikfremde Einricht.,m,12
265,2019,SB-SKW-07,Allg. und vergl. Literatur- und Sprachwissenschaft,f,927
266,2022,SB-SKW-04,Philosophie,m,1091
267,2021,SB-SKW-11,Romanistik,f,822
268,2018,SB-RWSW-07,Verwaltungswissenschaften,f,641
269,2023,SB-INGW-02,"Bergbau, Hüttenwesen",f,151
270,2018,MEDHUM-KP-01,Klinisch-prakt. Humanmedizin (ohne Zahnmedizin),f,21835
271,2021,SB-AGRW-04,Ernährungs- und Haushaltswissenschaften,m,262
272,2019,SB-SKW-19,Medienwissenschaft,m,0
273,2021,SB-NATW-08,Geowissenschaften (ohne Geographie),m,2102
274,2021,AFEW-ALLG-01,"Agrar-, Forst- und Ernährungswissenschaften allg.",m,169
275,2019,MEDHUM-ALLG-01,Humanmedizin allgemein,f,322
276,2019,SB-RWSW-05,Sozialwesen,f,1521
277,2021,SB-KUNSTW-01,"Kunst, Kunstwissenschaft allgemein",m,441
278,2018,FACHGR-RWSW-01,"Rechts-, Wirtschafts- u.Sozialwissenschaften allg.",m,686
279,2020,SB-SKW-11,Romanistik,f,835
280,2023,SB-SKW-06,Informations- und Bibliothekswissenschaften,f,86
281,2022,LB-RW-01,Rechtswissenschaften,m,3586
282,2021,SB-KUNSTW-02,Bildende Kunst,m,436
283,2022,SB-INGW-03,Maschinenbau/Verfahrenstechnik,f,3423
284,2020,SB-NATW-01,"Mathematik, Naturwissenschaften allgemein",m,620
285,2019,SB-RWSW-11,Erziehungswissenschaften,f,4089
286,2020,SB-SKW-19,Medienwissenschaft,f,281
287,2020,SB-SKW-05,Geschichte,m,1866
288,2022,SB-NATW-06,Pharmazie,m,1053
289,2018,SB-RWSW-11,Erziehungswissenschaften,f,3912
290,2019,SB-RWSW-10,Psychologie,f,3279
291,2018,SB-SKW-11,Romanistik,f,841
292,2022,SB-KUNSTW-02,Bildende Kunst,f,396
293,2019,LB-RW-01,Rechtswissenschaften,m,3502
294,2022,SB-NATW-07,Biologie,m,4960
295,2023,SB-SKW-19,Medienwissenschaft,f,324
296,2019,SB-SKW-06,Informations- und Bibliothekswissenschaften,f,81
297,2018,SB-SKW-12,"Slawistik, Baltistik, Finno-Ugristik",f,311
298,2020,THEOL-EV-01,Evangelische Theologie,m,691
299,2021,MEDVET-KT-01,Klinisch-theoretische Veterinärmedizin,f,389
300,2021,EINR-SONST-01,Übrige Ausbildungseinrichtungen,f,313
301,2023,SB-RWSW-08,Wirtschaftswissenschaften,f,6020
302,2022,SB-SKW-10,"Anglistik, Amerikanistik",m,712
303,2022,SB-KUNSTW-01,"Kunst, Kunstwissenschaft allgemein",f,824
304,2020,SB-MEDHUM-01,Gesundheitswissenschaften,f,1339
305,2020,SB-KUNSTW-04,"Darstellende Kunst, Film u.Fernsehen, Theaterwiss.",m,387
306,2020,HS-01,Hochschule insgesamt,f,370
307,2023,SB-NATW-06,Pharmazie,m,1027
308,2022,SB-INGW-04,Elektro- und Informationstechnik,f,1509
309,2018,SB-INGW-09,Vermessungswesen,f,148
310,2022,THEOL-EV-01,Evangelische Theologie,m,659
311,2020,MEDHUM-KT-01,Klinisch-theor. Humanmedizin (einschl.Zahnmedizin),f,6316
312,2019,SB-KUNSTW-05,"Musik, Musikwissenschaft",m,2033
313,2022,EINR-SONST-01,Übrige Ausbildungseinrichtungen,f,339
314,2020,SB-SKW-04,Philosophie,m,1107
315,2018,SB-RWSW-12,Kommunikationswissenschaft/Publizistik,f,0
316,2023,SB-RWSW-09,Wirtschaftsingenieurw. mit wirtschaftsw. Schwerp.,f,235
317,2021,SB-SKW-10,"Anglistik, Amerikanistik",m,708
318,2018,LB-RW-01,Rechtswissenschaften,f,2007
319,2023,MEDVET-VK-01,Vorklinische Veterinärmedizin,f,187
320,2023,SB-NATW-05,Chemie,m,7050
321,2018,MEDZN-KP-01,Zahnmedizin (klinisch-praktisch),m,1084
322,2021,HS-VERW-02,Zentral verwaltete Hörsäle und Lehrräume,m,0
323,2021,SB-SKW-19,Medienwissenschaft,m,312
324,2022,SB-AGRW-04,Ernährungs- und Haushaltswissenschaften,m,218
325,2019,SB-INGW-07,Raumplanung,f,347
326,2021,LB-RW-01,Rechtswissenschaften,m,3576
327,2018,BIB-ZENTRAL-01,Zentralbibliothek,f,224
328,2019,MEDVET-ALLG-01,Veterinärmedizin allgemein,m,3
329,2020,SB-NATW-08,Geowissenschaften (ohne Geographie),m,2079
330,2020,SB-SKW-12,"Slawistik, Baltistik, Finno-Ugristik",f,287
331,2018,MEDHUM-VK-01,Vorklinische Humanmedizin (einschl. Zahnmedizin),f,2228
332,2021,SB-AGRW-03,"Forstwissenschaft, Holzwirtschaft",m,468
333,2019,SB-SKW-11,Romanistik,m,420
334,2022,HS-VERW-01,Zentrale Hochschulverwaltung,m,1705
335,2023,SB-AGRW-03,"Forstwissenschaft, Holzwirtschaft",m,391
336,2019,SB-INGW-09,Vermessungswesen,f,165
337,2019,SF013,Architektur,m,1620
338,2018,SB-INGW-12,Informatik,m,8781
339,2022,SB-AGRW-02,"Agrarwissensch., Lebensmittel- u. Getränketechnik",m,1402
340,2020,SB-SKW-10,"Anglistik, Amerikanistik",f,1303
341,2023,SB-INGW-03,Maschinenbau/Verfahrenstechnik,f,3490
342,2021,SB-NATW-09,Geographie,m,1046
343,2023,BIB-ZENTRAL-01,Zentralbibliothek,m,205
344,2023,SB-MEDHUM-01,Gesundheitswissenschaften,m,900
345,2022,SB-NATW-05,Chemie,m,7139
346,2020,SB-SKW-18,Islamische Studien/Islamische Theologie,f,64
347,2020,EINR-WISS-01,Zentrale wissenschaftliche Einrichtungen,m,3832
348,2019,SB-INGW-10,Wirtschaftsingenieurw. mit ingenieurw. Schwerpunkt,m,384
349,2023,THEOL-KT-01,Katholische Theologie,m,562
350,2023,SB-INGW-04,Elektro- und Informationstechnik,f,1618
351,2020,MEDVET-KT-01,Klinisch-theoretische Veterinärmedizin,m,229
352,2018,MEDVET-KP-01,Klinisch-praktische Veterinärmedizin,f,435
353,2019,SB-INGW-12,Informatik,m,8958
354,2021,THEOL-KT-01,Katholische Theologie,m,587
355,2021,SB-NATW-07,Biologie,m,5017
356,2022,FACHGR-RWSW-01,"Rechts-, Wirtschafts- u.Sozialwissenschaften allg.",f,389
357,2023,SB-AGRW-02,"Agrarwissensch., Lebensmittel- u. Getränketechnik",m,1400
358,2021,SB-NATW-06,Pharmazie,m,1038
359,2019,SB-SKW-10,"Anglistik, Amerikanistik",m,712
360,2018,KL-EINR-AUSB-01,Übrige Ausbildungseinrichtungen der Kliniken,m,17
361,2021,SB-SKW-18,Islamische Studien/Islamische Theologie,m,91
362,2021,SB-SKW-17,Sonderpädagogik,m,0
363,2021,EINR-KLFRMD-02,Mit der Klinik verbundene u.klinikfremde Einricht.,m,22
364,2020,SB-NATW-09,Geographie,m,1096
365,2019,SB-INGW-11,Materialwissenschaft und Werkstofftechnik,m,1526
366,2023,SB-AGRW-01,"Landespflege, Umweltgestaltung",m,262
367,2021,SB-INGW-12,Informatik,f,2472
368,2020,SB-KUNSTW-01,"Kunst, Kunstwissenschaft allgemein",m,462
369,2023,SB-RWSW-11,Erziehungswissenschaften,f,4535
370,2019,HS-VERW-02,Zentral verwaltete Hörsäle und Lehrräume,m,0
371,2018,SB-INGW-03,Maschinenbau/Verfahrenstechnik,f,3004
372,2021,SB-AGRW-02,"Agrarwissensch., Lebensmittel- u. Getränketechnik",m,1556
373,2018,SB-KUNSTW-01,"Kunst, Kunstwissenschaft allgemein",m,506
374,2019,SKW-SONST-01,Sonstige Sprach- und Kulturwissenschaften,m,726
375,2019,SB-SKW-09,"Germanistik (Deutsch, germ. Sprachen o. Anglistik)",f,2188
376,2023,SB-INGW-09,Vermessungswesen,f,208
377,2020,SB-NATW-07,Biologie,m,5063
378,2022,FACHGR-INGW-01,Ingenieurwissenschaften allgemein,f,721
379,2018,PHIL-KLASS-01,Altphilologie (klassische Philologie),m,303
380,2020,SB-SKW-17,Sonderpädagogik,f,0
381,2018,HS-01,Hochschule insgesamt,f,372
382,2018,HRZ-01,Hochschulrechenzentrum,f,196
383,2022,MEDZN-KP-01,Zahnmedizin (klinisch-praktisch),m,1083
384,2021,SB-NATW-01,"Mathematik, Naturwissenschaften allgemein",m,593
385,2019,SB-RWSW-03,Politikwissenschaft,f,741
386,2019,SB-SKW-12,"Slawistik, Baltistik, Finno-Ugristik",m,166
387,2018,SB-SKW-18,Islamische Studien/Islamische Theologie,f,57
388,2019,PHIL-KLASS-01,Altphilologie (klassische Philologie),m,297
389,2018,SB-INGW-07,Raumplanung,f,310
390,2021,FACHGR-INGW-01,Ingenieurwissenschaften allgemein,f,707
391,2018,SB-RWSW-09,Wirtschaftsingenieurw. mit wirtschaftsw. Schwerp.,f,207
392,2018,SB-SKW-10,"Anglistik, Amerikanistik",f,1243
393,2022,EINR-HSFRMD-02,Mit der Hochschule verb. u. hochschulfr. Einricht.,f,112
394,2019,SB-INGW-02,"Bergbau, Hüttenwesen",f,138
395,2021,MEDZN-KP-01,Zahnmedizin (klinisch-praktisch),m,1079
396,2022,SB-AGRW-01,"Landespflege, Umweltgestaltung",m,247
397,2020,SB-RWSW-10,Psychologie,f,3302
398,2021,KL-EINR-AUSB-01,Übrige Ausbildungseinrichtungen der Kliniken,f,153
399,2019,BIB-ZENTRAL-01,Zentralbibliothek,f,229
400,2023,EINR-SONST-01,Übrige Ausbildungseinrichtungen,m,221
401,2023,SB-INGW-10,Wirtschaftsingenieurw. mit ingenieurw. Schwerpunkt,f,185
402,2021,EINR-HSFRMD-02,Mit der Hochschule verb. u. hochschulfr. Einricht.,f,120
403,2019,MEDVET-VK-01,Vorklinische Veterinärmedizin,f,161
404,2020,SB-NATW-02,Mathematik,m,4396
405,2019,SB-SKW-04,Philosophie,f,592
406,2018,SB-RWSW-04,Sozialwissenschaften/Soziologie,f,1564
407,2023,LB-RW-01,Rechtswissenschaften,f,2223
408,2022,MEDHUM-ALLG-01,Humanmedizin allgemein,f,658
409,2020,SB-RWSW-11,Erziehungswissenschaften,f,4316
410,2019,SB-SKW-05,Geschichte,f,1459
411,2022,HS-01,Hochschule insgesamt,m,360
412,2023,FACHGR-RWSW-01,"Rechts-, Wirtschafts- u.Sozialwissenschaften allg.",f,395
413,2018,SB-INGW-08,Bauingenieurwesen,f,1192
414,2018,EINR-SONST-01,Übrige Ausbildungseinrichtungen,f,318
415,2019,THEOL-KT-01,Katholische Theologie,m,602
416,2021,SB-KUNSTW-03,Gestaltung,m,994
417,2022,MEDVET-KT-01,Klinisch-theoretische Veterinärmedizin,f,361
418,2020,SB-AGRW-03,"Forstwissenschaft, Holzwirtschaft",m,459
419,2023,SB-KUNSTW-02,Bildende Kunst,f,413
420,2022,SB-INGW-11,Materialwissenschaft und Werkstofftechnik,f,520
421,2020,KL-EINR-AUSB-01,Übrige Ausbildungseinrichtungen der Kliniken,m,30
422,2018,SB-KUNSTW-05,"Musik, Musikwissenschaft",m,2019
423,2019,KL-ZD-01,"Kliniken insgesamt, Zentrale Dienste",f,793
424,2022,SB-INGW-10,Wirtschaftsingenieurw. mit ingenieurw. Schwerpunkt,f,184
425,2023,SB-SKW-18,Islamische Studien/Islamische Theologie,f,63
426,2020,SB-AGRW-04,Ernährungs- und Haushaltswissenschaften,m,234
427,2021,SB-KUNSTW-04,"Darstellende Kunst, Film u.Fernsehen, Theaterwiss.",m,390
428,2019,SB-SKW-17,Sonderpädagogik,m,0
429,2023,SB-SKW-17,Sonderpädagogik,f,0
430,2018,SB-SKW-14,Kulturwissenschaften i.e.S.,f,344
431,2023,SB-KUNSTW-01,"Kunst, Kunstwissenschaft allgemein",f,828
432,2021,SB-RWSW-10,Psychologie,f,3500
433,2021,SB-AGRW-01,"Landespflege, Umweltgestaltung",m,306
434,2018,SB-RWSW-05,Sozialwesen,f,1431
435,2019,HS-01,Hochschule insgesamt,f,382
436,2020,SB-KUNSTW-05,"Musik, Musikwissenschaft",m,2069
437,2022,MEDVET-VK-01,Vorklinische Veterinärmedizin,f,189
438,2018,SB-INGW-04,Elektro- und Informationstechnik,f,1162
439,2019,EINR-SONST-01,Übrige Ausbildungseinrichtungen,f,327
440,2023,SB-RWSW-10,Psychologie,f,3797
441,2021,MEDHUM-ALLG-01,Humanmedizin allgemein,f,858
442,2020,SB-INGW-10,Wirtschaftsingenieurw. mit ingenieurw. Schwerpunkt,f,138
443,2019,MEDVET-KP-01,Klinisch-praktische Veterinärmedizin,f,444
444,2020,SB-KUNSTW-02,Bildende Kunst,m,440
445,2023,HS-01,Hochschule insgesamt,m,374
446,2019,SB-INGW-05,"Verkehrstechnik, Nautik",f,223
447,2021,SB-SKW-07,Allg. und vergl. Literatur- und Sprachwissenschaft,f,1026
448,2023,SB-RWSW-12,Kommunikationswissenschaft/Publizistik,f,434
449,2018,THEOL-KT-01,Katholische Theologie,m,618
450,2019,MEDVET-KT-01,Klinisch-theoretische Veterinärmedizin,f,370
451,2021,EINR-WISS-01,Zentrale wissenschaftliche Einrichtungen,m,4044
452,2020,MEDHUM-VK-01,Vorklinische Humanmedizin (einschl. Zahnmedizin),f,2323
453,2019,SB-SKW-18,Islamische Studien/Islamische Theologie,m,94
454,2019,SB-INGW-03,Maschinenbau/Verfahrenstechnik,f,3092
455,2023,SB-SKW-12,"Slawistik, Baltistik, Finno-Ugristik",f,286
456,2022,SB-RWSW-11,Erziehungswissenschaften,f,4502
457,2019,SB-SKW-01,Geisteswissenschaften allgemein,f,743
458,2022,AFEW-ALLG-01,"Agrar-, Forst- und Ernährungswissenschaften allg.",m,478
459,2020,SB-AGRW-02,"Agrarwissensch., Lebensmittel- u. Getränketechnik",m,1568
460,2019,SB-RWSW-04,Sozialwissenschaften/Soziologie,f,1600
461,2023,MEDZN-KP-01,Zahnmedizin (klinisch-praktisch),m,1093
462,2018,SB-SKW-17,Sonderpädagogik,f,0
463,2020,LB-RW-01,Rechtswissenschaften,f,2077
464,2020,MEDZN-KP-01,Zahnmedizin (klinisch-praktisch),m,1110
465,2023,SKW-SONST-01,Sonstige Sprach- und Kulturwissenschaften,m,767
466,2023,EINR-HSFRMD-02,Mit der Hochschule verb. u. hochschulfr. Einricht.,f,110
467,2023,SB-SKW-14,Kulturwissenschaften i.e.S.,f,337
468,2022,SB-SKW-05,Geschichte,m,1805
469,2018,SB-RWSW-08,Wirtschaftswissenschaften,f,5330
470,2021,SB-INGW-11,Materialwissenschaft und Werkstofftechnik,f,490
471,2021,SB-SKW-09,"Germanistik (Deutsch, germ. Sprachen o. Anglistik)",f,2293
472,2019,EINR-KLFRMD-02,Mit der Klinik verbundene u.klinikfremde Einricht.,f,13
473,2021,KL-ZD-01,"Kliniken insgesamt, Zentrale Dienste",f,1357
474,2022,SB-SKW-07,Allg. und vergl. Literatur- und Sprachwissenschaft,m,638
475,2019,SB-RWSW-07,Verwaltungswissenschaften,f,710
476,2018,EINR-WISS-01,Zentrale wissenschaftliche Einrichtungen,m,3546
477,2021,SB-SKW-04,Philosophie,f,650
478,2022,MEDVET-KP-01,Klinisch-praktische Veterinärmedizin,f,531
479,2022,SB-SKW-06,Informations- und Bibliothekswissenschaften,m,79
480,2019,EINR-VERS-01,Zentrale Betriebs- und Versorgungseinrichtungen,m,89
481,2022,EINR-VERS-01,Zentrale Betriebs- und Versorgungseinrichtungen,m,101
482,2018,SB-SKW-19,Medienwissenschaft,f,0
483,2021,SB-SKW-05,Geschichte,f,1480
484,2022,SB-RWSW-12,Kommunikationswissenschaft/Publizistik,f,413
485,2018,SF013,Architektur,m,1627
486,2023,SB-SKW-11,Romanistik,f,793
487,2019,SB-RWSW-09,Wirtschaftsingenieurw. mit wirtschaftsw. Schwerp.,f,222
488,2021,SB-SKW-06,Informations- und Bibliothekswissenschaften,f,95
489,2020,SB-INGW-12,Informatik,f,2223
490,2023,FACHGR-INGW-01,Ingenieurwissenschaften allgemein,f,698
491,2019,SB-RWSW-08,Wirtschaftswissenschaften,f,5482
492,2022,SB-SKW-09,"Germanistik (Deutsch, germ. Sprachen o. Anglistik)",m,1351
493,2023,KL-EINR-AUSB-01,Übrige Ausbildungseinrichtungen der Kliniken,m,53
494,2020,SB-INGW-11,Materialwissenschaft und Werkstofftechnik,f,435
495,2018,SB-INGW-02,"Bergbau, Hüttenwesen",f,136
496,2023,SB-SKW-10,"Anglistik, Amerikanistik",f,1333
497,2023,EINR-HSFRMD-02,Mit der Hochschule verb. u. hochschulfr. Einricht.,m,136
498,2021,SB-RWSW-10,Psychologie,m,2203
499,2020,KL-ZD-01,"Kliniken insgesamt, Zentrale Dienste",f,949
500,2020,MEDZN-KP-01,Zahnmedizin (klinisch-praktisch),f,995
501,2018,SB-INGW-05,"Verkehrstechnik, Nautik",f,206
502,2022,SB-INGW-08,Bauingenieurwesen,f,1326
503,2022,PHIL-KLASS-01,Altphilologie (klassische Philologie),m,277
504,2018,EINR-HSFRMD-02,Mit der Hochschule verb. u. hochschulfr. Einricht.,f,122
505,2023,MEDVET-KT-01,Klinisch-theoretische Veterinärmedizin,f,368
506,2023,SB-RWSW-04,Sozialwissenschaften/Soziologie,f,1711
507,2023,EINR-WISS-01,Zentrale wissenschaftliche Einrichtungen,m,4119
508,2018,SB-SKW-01,Geisteswissenschaften allgemein,m,714
509,2023,SB-INGW-10,Wirtschaftsingenieurw. mit ingenieurw. Schwerpunkt,m,479
510,2019,SB-INGW-04,Elektro- und Informationstechnik,f,1232
511,2018,HS-VERW-01,Zentrale Hochschulverwaltung,m,1453
512,2021,SB-INGW-09,Vermessungswesen,f,186
513,2020,SB-RWSW-08,Wirtschaftswissenschaften,f,5758
514,2020,SB-NATW-05,Chemie,m,7456
515,2019,SB-RWSW-08,Wirtschaftswissenschaften,m,10867
516,2022,SB-INGW-11,Materialwissenschaft und Werkstofftechnik,m,1439
517,2018,EINR-VERS-01,Zentrale Betriebs- und Versorgungseinrichtungen,f,104
518,2018,SB-RWSW-02,Regionalwissenschaften,f,86
519,2019,SB-KUNSTW-01,"Kunst, Kunstwissenschaft allgemein",m,506
520,2023,SB-KUNSTW-02,Bildende Kunst,m,440
521,2020,SB-AGRW-01,"Landespflege, Umweltgestaltung",m,305
522,2021,SB-SKW-14,Kulturwissenschaften i.e.S.,m,237
523,2018,SB-KUNSTW-05,"Musik, Musikwissenschaft",f,1049
524,2019,KL-ZD-01,"Kliniken insgesamt, Zentrale Dienste",m,620
525,2023,SB-NATW-01,"Mathematik, Naturwissenschaften allgemein",m,592
526,2019,AFEW-ALLG-01,"Agrar-, Forst- und Ernährungswissenschaften allg.",m,102
527,2018,SB-KUNSTW-04,"Darstellende Kunst, Film u.Fernsehen, Theaterwiss.",f,386
528,2018,SB-NATW-09,Geographie,f,678
529,2019,SB-SKW-14,Kulturwissenschaften i.e.S.,m,252
530,2020,SB-NATW-04,"Physik, Astronomie",m,9038
531,2020,SB-SKW-14,Kulturwissenschaften i.e.S.,m,226
532,2023,SB-KUNSTW-03,Gestaltung,m,983
533,2018,SB-RWSW-03,Politikwissenschaft,f,713
534,2022,MEDVET-ALLG-01,Veterinärmedizin allgemein,m,1
535,2022,KL-EINR-SOZ-01,Soziale Einrichtungen der Kliniken,f,6
536,2019,SB-NATW-08,Geowissenschaften (ohne Geographie),f,1008
537,2019,THEOL-EV-01,Evangelische Theologie,f,473
538,2019,EINR-SOZ-01,Soziale Einrichtungen,f,13
539,2020,SB-RWSW-07,Verwaltungswissenschaften,f,739
540,2021,THEOL-EV-01,Evangelische Theologie,m,664
541,2019,SB-RWSW-02,Regionalwissenschaften,f,86
542,2023,SB-INGW-11,Materialwissenschaft und Werkstofftechnik,m,1389
543,2018,HS-VERW-02,Zentral verwaltete Hörsäle und Lehrräume,m,1
544,2020,MEDVET-VK-01,Vorklinische Veterinärmedizin,f,178
545,2019,FACHGR-RWSW-01,"Rechts-, Wirtschafts- u.Sozialwissenschaften allg.",f,640
546,2023,MEDHUM-KT-01,Klinisch-theor. Humanmedizin (einschl.Zahnmedizin),f,7084
547,2018,SB-RWSW-09,Wirtschaftsingenieurw. mit wirtschaftsw. Schwerp.,m,646
548,2021,SB-KUNSTW-05,"Musik, Musikwissenschaft",m,2105
549,2022,SB-SKW-01,Geisteswissenschaften allgemein,m,398
550,2022,SB-INGW-09,Vermessungswesen,f,189
551,2023,SB-NATW-02,Mathematik,m,4377
552,2022,SB-SKW-09,"Germanistik (Deutsch, germ. Sprachen o. Anglistik)",f,2232
553,2023,SB-SKW-01,Geisteswissenschaften allgemein,m,403
554,2021,SB-INGW-08,Bauingenieurwesen,f,1338
555,2021,MEDVET-KP-01,Klinisch-praktische Veterinärmedizin,f,510
556,2022,EINR-VERS-01,Zentrale Betriebs- und Versorgungseinrichtungen,f,129
557,2020,PHIL-KLASS-01,Altphilologie (klassische Philologie),m,283
558,2020,SB-SKW-09,"Germanistik (Deutsch, germ. Sprachen o. Anglistik)",f,2208
559,2019,SB-RWSW-07,Verwaltungswissenschaften,m,1292
560,2019,HS-VERW-01,Zentrale Hochschulverwaltung,m,1429
561,2023,AFEW-ALLG-01,"Agrar-, Forst- und Ernährungswissenschaften allg.",m,478
562,2023,SB-KUNSTW-01,"Kunst, Kunstwissenschaft allgemein",m,429
563,2019,SB-NATW-09,Geographie,f,762
564,2023,SF013,Architektur,f,1162
565,2020,MEDVET-KP-01,Klinisch-praktische Veterinärmedizin,m,205
566,2018,KL-ZD-01,"Kliniken insgesamt, Zentrale Dienste",m,596
567,2020,SB-NATW-06,Pharmazie,m,1003
568,2018,SB-INGW-10,Wirtschaftsingenieurw. mit ingenieurw. Schwerpunkt,m,359
569,2021,SB-NATW-02,Mathematik,m,4424
570,2023,THEOL-EV-01,Evangelische Theologie,f,514
571,2020,SB-SKW-01,Geisteswissenschaften allgemein,m,434
572,2020,FACHGR-INGW-01,Ingenieurwissenschaften allgemein,f,641
573,2022,SB-INGW-07,Raumplanung,f,401
574,2022,SB-INGW-12,Informatik,m,10206
575,2019,SB-RWSW-09,Wirtschaftsingenieurw. mit wirtschaftsw. Schwerp.,m,644
576,2022,HRZ-01,Hochschulrechenzentrum,f,252
577,2020,KL-EINR-SOZ-01,Soziale Einrichtungen der Kliniken,m,7
578,2021,SB-NATW-04,"Physik, Astronomie",m,9165
579,2023,SB-INGW-05,"Verkehrstechnik, Nautik",f,332
580,2023,SB-SKW-14,Kulturwissenschaften i.e.S.,m,221
581,2021,SB-INGW-11,Materialwissenschaft und Werkstofftechnik,m,1457
582,2023,HS-VERW-01,Zentrale Hochschulverwaltung,m,1682
583,2023,SB-SKW-12,"Slawistik, Baltistik, Finno-Ugristik",m,156
584,2022,SB-INGW-10,Wirtschaftsingenieurw. mit ingenieurw. Schwerpunkt,m,462
585,2023,HS-VERW-02,Zentral verwaltete Hörsäle und Lehrräume,m,0
586,2021,HRZ-01,Hochschulrechenzentrum,f,242
587,2023,SB-INGW-08,Bauingenieurwesen,f,1330
588,2018,THEOL-KT-01,Katholische Theologie,f,326
589,2023,MEDHUM-KP-01,Klinisch-prakt. Humanmedizin (ohne Zahnmedizin),m,23696
590,2020,THEOL-KT-01,Katholische Theologie,m,603
591,2022,MEDVET-KT-01,Klinisch-theoretische Veterinärmedizin,m,236
592,2021,EINR-VERS-01,Zentrale Betriebs- und Versorgungseinrichtungen,m,97
593,2023,EINR-VERS-01,Zentrale Betriebs- und Versorgungseinrichtungen,m,102
594,2019,EINR-WISS-01,Zentrale wissenschaftliche Einrichtungen,m,3645
595,2022,SB-NATW-01,"Mathematik, Naturwissenschaften allgemein",m,581
596,2022,SB-NATW-02,Mathematik,m,4450
597,2019,SB-SKW-01,Geisteswissenschaften allgemein,m,771
598,2021,SB-NATW-05,Chemie,m,7396
599,2018,SKW-SONST-01,Sonstige Sprach- und Kulturwissenschaften,f,719
600,2021,SB-INGW-12,Informatik,m,10017
601,2023,SB-INGW-07,Raumplanung,f,372
602,2020,HRZ-01,Hochschulrechenzentrum,f,217
603,2022,KL-ZD-01,"Kliniken insgesamt, Zentrale Dienste",f,1363
604,2021,SKW-SONST-01,Sonstige Sprach- und Kulturwissenschaften,m,728
605,2019,SB-NATW-06,Pharmazie,f,733
606,2022,SB-RWSW-03,Politikwissenschaft,f,967
607,2019,HRZ-01,Hochschulrechenzentrum,m,856
608,2023,SB-NATW-09,Geographie,f,839
609,2019,SB-INGW-09,Vermessungswesen,m,451
610,2021,HS-01,Hochschule insgesamt,m,365
611,2022,HS-VERW-02,Zentral verwaltete Hörsäle und Lehrräume,m,0
612,2018,SB-AGRW-04,Ernährungs- und Haushaltswissenschaften,f,370
613,2018,SB-INGW-11,Materialwissenschaft und Werkstofftechnik,m,1461
614,2023,EINR-SOZ-01,Soziale Einrichtungen,f,9
615,2021,EINR-SONST-01,Übrige Ausbildungseinrichtungen,m,219
616,2022,EINR-KLFRMD-02,Mit der Klinik verbundene u.klinikfremde Einricht.,f,23
617,2022,SB-NATW-04,"Physik, Astronomie",m,9074
618,2018,LB-RW-01,Rechtswissenschaften,m,3486
619,2020,SB-INGW-08,Bauingenieurwesen,f,1263
620,2021,SF013,Architektur,f,1119
621,2018,SB-NATW-07,Biologie,f,4551
622,2018,SB-SKW-09,"Germanistik (Deutsch, germ. Sprachen o. Anglistik)",f,2173
623,2020,AFEW-ALLG-01,"Agrar-, Forst- und Ernährungswissenschaften allg.",m,158
624,2021,MEDHUM-KP-01,Klinisch-prakt. Humanmedizin (ohne Zahnmedizin),f,24687
625,2019,SB-RWSW-12,Kommunikationswissenschaft/Publizistik,f,0
626,2020,HS-VERW-01,Zentrale Hochschulverwaltung,f,2027
627,2019,SB-KUNSTW-03,Gestaltung,m,917
628,2020,SB-INGW-03,Maschinenbau/Verfahrenstechnik,m,14010
629,2019,KL-EINR-AUSB-01,Übrige Ausbildungseinrichtungen der Kliniken,m,16
630,2019,MEDHUM-VK-01,Vorklinische Humanmedizin (einschl. Zahnmedizin),f,2230
631,2018,SB-NATW-01,"Mathematik, Naturwissenschaften allgemein",m,466
632,2020,EINR-KLFRMD-02,Mit der Klinik verbundene u.klinikfremde Einricht.,m,23
633,2020,SB-INGW-02,"Bergbau, Hüttenwesen",m,402
634,2020,SB-RWSW-05,Sozialwesen,f,1640
635,2018,FACHGR-INGW-01,Ingenieurwissenschaften allgemein,m,1650
636,2023,SB-KUNSTW-04,"Darstellende Kunst, Film u.Fernsehen, Theaterwiss.",m,382
637,2018,SB-NATW-08,Geowissenschaften (ohne Geographie),f,996
638,2022,SB-KUNSTW-03,Gestaltung,f,768
639,2020,HS-VERW-02,Zentral verwaltete Hörsäle und Lehrräume,f,0
640,2022,SB-SKW-11,Romanistik,m,426
641,2019,SB-KUNSTW-04,"Darstellende Kunst, Film u.Fernsehen, Theaterwiss.",m,385
642,2019,SB-SKW-10,"Anglistik, Amerikanistik",f,1280
643,2018,SB-KUNSTW-03,Gestaltung,f,607
644,2022,SB-INGW-05,"Verkehrstechnik, Nautik",f,308
645,2018,SB-NATW-02,Mathematik,m,4618
646,2021,SB-RWSW-04,Sozialwissenschaften/Soziologie,f,1733
647,2021,SB-SKW-12,"Slawistik, Baltistik, Finno-Ugristik",m,147
648,2020,SB-INGW-09,Vermessungswesen,f,158
649,2018,MEDVET-ALLG-01,Veterinärmedizin allgemein,m,4
650,2023,SB-INGW-12,Informatik,m,10600
651,2021,SB-MEDHUM-01,Gesundheitswissenschaften,f,1430
652,2021,EINR-SOZ-01,Soziale Einrichtungen,m,11
653,2021,MEDHUM-KT-01,Klinisch-theor. Humanmedizin (einschl.Zahnmedizin),f,6544
654,2021,SB-KUNSTW-01,"Kunst, Kunstwissenschaft allgemein",f,804
655,2022,EINR-WISS-01,Zentrale wissenschaftliche Einrichtungen,f,4229
656,2022,SF013,Architektur,f,1109
657,2023,SB-NATW-04,"Physik, Astronomie",m,9132
658,2018,SB-KUNSTW-02,Bildende Kunst,f,321
659,2021,SB-SKW-11,Romanistik,m,445
660,2019,SB-NATW-07,Biologie,f,4660
661,2019,SB-MEDHUM-01,Gesundheitswissenschaften,f,1269
662,2019,MEDHUM-KT-01,Klinisch-theor. Humanmedizin (einschl.Zahnmedizin),f,5687
663,2023,KL-EINR-SOZ-01,Soziale Einrichtungen der Kliniken,m,25
664,2018,KL-EINR-SOZ-01,Soziale Einrichtungen der Kliniken,f,15
665,2021,SB-INGW-07,Raumplanung,f,380
666,2023,SB-KUNSTW-05,"Musik, Musikwissenschaft",m,2123
667,2023,SB-RWSW-05,Sozialwesen,f,1873
668,2019,SB-NATW-05,Chemie,f,3483
669,2023,SB-SKW-09,"Germanistik (Deutsch, germ. Sprachen o. Anglistik)",f,2233
670,2022,BIB-ZENTRAL-01,Zentralbibliothek,f,261
671,2023,THEOL-KT-01,Katholische Theologie,f,378
672,2023,SB-RWSW-07,Verwaltungswissenschaften,f,818
673,2020,MEDVET-KT-01,Klinisch-theoretische Veterinärmedizin,f,374
674,2022,EINR-SOZ-01,Soziale Einrichtungen,m,13
675,2022,SB-RWSW-04,Sozialwissenschaften/Soziologie,f,1672
676,2018,SB-NATW-06,Pharmazie,f,750
677,2021,SB-SKW-10,"Anglistik, Amerikanistik",f,1358
678,2021,MEDVET-VK-01,Vorklinische Veterinärmedizin,m,108
679,2023,SB-SKW-07,Allg. und vergl. Literatur- und Sprachwissenschaft,f,965
680,2022,THEOL-KT-01,Katholische Theologie,f,354
681,2021,SB-RWSW-05,Sozialwesen,f,1704
682,2022,MEDHUM-VK-01,Vorklinische Humanmedizin (einschl. Zahnmedizin),m,2146
683,2022,KL-EINR-AUSB-01,Übrige Ausbildungseinrichtungen der Kliniken,f,163
684,2023,PHIL-KLASS-01,Altphilologie (klassische Philologie),f,190
685,2022,SB-SKW-12,"Slawistik, Baltistik, Finno-Ugristik",m,155
686,2020,SB-RWSW-09,Wirtschaftsingenieurw. mit wirtschaftsw. Schwerp.,f,225
687,2022,MEDHUM-KT-01,Klinisch-theor. Humanmedizin (einschl.Zahnmedizin),m,6268
688,2020,SB-INGW-07,Raumplanung,f,357
689,2022,SB-RWSW-02,Regionalwissenschaften,f,92
690,2018,MEDHUM-ALLG-01,Humanmedizin allgemein,f,317
691,2018,SB-AGRW-03,"Forstwissenschaft, Holzwirtschaft",f,245
692,2022,SB-KUNSTW-04,"Darstellende Kunst, Film u.Fernsehen, Theaterwiss.",f,408
693,2019,SB-KUNSTW-02,Bildende Kunst,m,443
694,2020,EINR-SOZ-01,Soziale Einrichtungen,f,9
695,2022,SB-MEDHUM-01,Gesundheitswissenschaften,m,857
696,2023,MEDHUM-ALLG-01,Humanmedizin allgemein,m,552
697,2021,SB-RWSW-07,Verwaltungswissenschaften,f,764
698,2019,SB-AGRW-03,"Forstwissenschaft, Holzwirtschaft",f,255
699,2022,SB-RWSW-09,Wirtschaftsingenieurw. mit wirtschaftsw. Schwerp.,f,248
700,2019,SB-AGRW-02,"Agrarwissensch., Lebensmittel- u. Getränketechnik",f,1337
701,2022,SB-KUNSTW-05,"Musik, Musikwissenschaft",f,1188
702,2020,FACHGR-RWSW-01,"Rechts-, Wirtschafts- u.Sozialwissenschaften allg.",f,306
703,2019,SB-AGRW-01,"Landespflege, Umweltgestaltung",f,237
704,2022,SB-RWSW-08,Wirtschaftswissenschaften,f,5954
705,2021,HS-VERW-02,Zentral verwaltete Hörsäle und Lehrräume,f,0
706,2021,SB-RWSW-08,Wirtschaftswissenschaften,f,5871
707,2022,SB-RWSW-07,Verwaltungswissenschaften,f,794
708,2020,BIB-ZENTRAL-01,Zentralbibliothek,m,227
709,2021,HS-VERW-01,Zentrale Hochschulverwaltung,f,2054
710,2019,SB-AGRW-04,Ernährungs- und Haushaltswissenschaften,f,382
711,2022,SB-SKW-14,Kulturwissenschaften i.e.S.,m,234
712,2018,MEDVET-VK-01,Vorklinische Veterinärmedizin,m,98
713,2020,HS-01,Hochschule insgesamt,m,331
714,2019,MEDHUM-KP-01,Klinisch-prakt. Humanmedizin (ohne Zahnmedizin),m,22380
715,2022,SB-RWSW-05,Sozialwesen,f,1789
716,2018,SB-SKW-04,Philosophie,m,1072
717,2018,MEDVET-KT-01,Klinisch-theoretische Veterinärmedizin,m,225
718,2022,SB-SKW-17,Sonderpädagogik,m,0
719,2023,SB-RWSW-03,Politikwissenschaft,f,872
720,2021,SB-RWSW-09,Wirtschaftsingenieurw. mit wirtschaftsw. Schwerp.,f,221
721,2018,SB-RWSW-10,Psychologie,m,2085
722,2019,EINR-HSFRMD-02,Mit der Hochschule verb. u. hochschulfr. Einricht.,m,169
723,2023,SB-RWSW-02,Regionalwissenschaften,f,80
724,2022,SB-NATW-08,Geowissenschaften (ohne Geographie),f,1078
725,2022,SB-RWSW-08,Wirtschaftswissenschaften,m,10897
726,2018,EINR-SONST-01,Übrige Ausbildungseinrichtungen,m,193
727,2021,SB-KUNSTW-03,Gestaltung,f,738
728,2018,SB-INGW-08,Bauingenieurwesen,m,3436
729,2020,SB-NATW-02,Mathematik,f,1561
730,2020,SB-SKW-18,Islamische Studien/Islamische Theologie,m,105
731,2022,SB-SKW-18,Islamische Studien/Islamische Theologie,m,87
732,2022,SB-INGW-02,"Bergbau, Hüttenwesen",m,400
733,2022,HS-VERW-01,Zentrale Hochschulverwaltung,f,2203
734,2018,SB-SKW-19,Medienwissenschaft,m,0
735,2019,SB-RWSW-04,Sozialwissenschaften/Soziologie,m,1566
736,2018,THEOL-EV-01,Evangelische Theologie,f,463
737,2022,MEDHUM-VK-01,Vorklinische Humanmedizin (einschl. Zahnmedizin),f,2350
738,2019,SB-MEDHUM-01,Gesundheitswissenschaften,m,716
739,2018,SB-SKW-05,Geschichte,m,1883
740,2023,SB-RWSW-12,Kommunikationswissenschaft/Publizistik,m,360
741,2022,SB-SKW-06,Informations- und Bibliothekswissenschaften,f,85
742,2021,SB-RWSW-09,Wirtschaftsingenieurw. mit wirtschaftsw. Schwerp.,m,654
743,2020,EINR-VERS-01,Zentrale Betriebs- und Versorgungseinrichtungen,f,114
744,2023,SB-SKW-04,Philosophie,m,1019
745,2022,MEDVET-KP-01,Klinisch-praktische Veterinärmedizin,m,195
746,2018,EINR-SOZ-01,Soziale Einrichtungen,m,14
747,2020,SB-KUNSTW-05,"Musik, Musikwissenschaft",f,1081
748,2021,MEDHUM-VK-01,Vorklinische Humanmedizin (einschl. Zahnmedizin),m,2102
749,2022,SB-AGRW-04,Ernährungs- und Haushaltswissenschaften,f,416
750,2018,SB-AGRW-02,"Agrarwissensch., Lebensmittel- u. Getränketechnik",f,1301
751,2020,KL-EINR-AUSB-01,Übrige Ausbildungseinrichtungen der Kliniken,f,142
752,2020,SB-RWSW-03,Politikwissenschaft,f,792
753,2019,HS-01,Hochschule insgesamt,m,348
754,2018,SB-RWSW-05,Sozialwesen,m,952
755,2020,SB-INGW-05,"Verkehrstechnik, Nautik",m,2046
756,2019,SB-INGW-07,Raumplanung,m,353
757,2019,SB-SKW-05,Geschichte,m,1889
758,2023,MEDVET-ALLG-01,Veterinärmedizin allgemein,f,10
759,2023,SB-SKW-18,Islamische Studien/Islamische Theologie,m,80
760,2018,SB-NATW-04,"Physik, Astronomie",m,8832
761,2022,EINR-HSFRMD-02,Mit der Hochschule verb. u. hochschulfr. Einricht.,m,140
762,2020,SKW-SONST-01,Sonstige Sprach- und Kulturwissenschaften,m,728
763,2019,EINR-HSFRMD-02,Mit der Hochschule verb. u. hochschulfr. Einricht.,f,119
764,2020,SB-INGW-10,Wirtschaftsingenieurw. mit ingenieurw. Schwerpunkt,m,407
765,2018,PHIL-KLASS-01,Altphilologie (klassische Philologie),f,211
766,2022,FACHGR-INGW-01,Ingenieurwissenschaften allgemein,m,1886
767,2021,SB-SKW-19,Medienwissenschaft,f,300
768,2021,SB-SKW-05,Geschichte,m,1818
769,2021,EINR-WISS-01,Zentrale wissenschaftliche Einrichtungen,f,4083
770,2020,SB-RWSW-04,Sozialwissenschaften/Soziologie,f,1671
771,2021,LB-RW-01,Rechtswissenschaften,f,2189
772,2020,SB-SKW-10,"Anglistik, Amerikanistik",m,707
773,2018,SB-AGRW-01,"Landespflege, Umweltgestaltung",f,278
774,2021,SB-NATW-09,Geographie,f,813
775,2018,AFEW-ALLG-01,"Agrar-, Forst- und Ernährungswissenschaften allg.",f,70
776,2018,SB-SKW-06,Informations- und Bibliothekswissenschaften,f,79
777,2018,SB-SKW-07,Allg. und vergl. Literatur- und Sprachwissenschaft,f,938
778,2021,SB-SKW-04,Philosophie,m,1120
779,2022,AFEW-ALLG-01,"Agrar-, Forst- und Ernährungswissenschaften allg.",f,335
780,2021,SB-RWSW-03,Politikwissenschaft,f,910
781,2018,HS-01,Hochschule insgesamt,m,332
782,2023,SB-AGRW-03,"Forstwissenschaft, Holzwirtschaft",f,286
783,2019,SB-SKW-11,Romanistik,f,832
784,2018,HRZ-01,Hochschulrechenzentrum,m,845
785,2021,SB-RWSW-02,Regionalwissenschaften,f,83
786,2022,SB-SKW-19,Medienwissenschaft,f,327
787,2018,SB-SKW-18,Islamische Studien/Islamische Theologie,m,83
788,2023,SB-AGRW-04,Ernährungs- und Haushaltswissenschaften,f,431
789,2023,BIB-ZENTRAL-01,Zentralbibliothek,f,247
790,2019,SB-SKW-12,"Slawistik, Baltistik, Finno-Ugristik",f,290
791,2018,SB-KUNSTW-01,"Kunst, Kunstwissenschaft allgemein",f,706
792,2018,SB-INGW-09,Vermessungswesen,m,426
793,2020,FACHGR-RWSW-01,"Rechts-, Wirtschafts- u.Sozialwissenschaften allg.",m,382
794,2023,KL-ZD-01,"Kliniken insgesamt, Zentrale Dienste",f,1483
795,2022,SB-RWSW-07,Verwaltungswissenschaften,m,1376
796,2022,SB-NATW-09,Geographie,f,796
797,2023,SB-SKW-19,Medienwissenschaft,m,290
798,2023,EINR-SONST-01,Übrige Ausbildungseinrichtungen,f,341
799,2022,SB-NATW-07,Biologie,f,4793
800,2021,SB-KUNSTW-02,Bildende Kunst,f,375
801,2019,SB-SKW-04,Philosophie,m,1076
802,2023,EINR-KLFRMD-02,Mit der Klinik verbundene u.klinikfremde Einricht.,f,10
803,2022,SB-RWSW-09,Wirtschaftsingenieurw. mit wirtschaftsw. Schwerp.,m,648
804,2023,SB-RWSW-08,Wirtschaftswissenschaften,m,10746
805,2022,SB-RWSW-12,Kommunikationswissenschaft/Publizistik,m,346
806,2018,SF013,Architektur,f,988
807,2022,MEDHUM-ALLG-01,Humanmedizin allgemein,m,603
808,2022,SB-INGW-03,Maschinenbau/Verfahrenstechnik,m,13282
809,2023,SB-INGW-02,"Bergbau, Hüttenwesen",m,391
810,2020,SB-SKW-05,Geschichte,f,1491
811,2019,SB-INGW-08,Bauingenieurwesen,m,3482
812,2023,HRZ-01,Hochschulrechenzentrum,f,245
813,2023,SB-SKW-17,Sonderpädagogik,m,0
814,2023,KL-EINR-AUSB-01,Übrige Ausbildungseinrichtungen der Kliniken,f,187
815,2021,SB-INGW-02,"Bergbau, Hüttenwesen",m,419
816,2020,SB-INGW-11,Materialwissenschaft und Werkstofftechnik,m,1476
817,2019,SB-NATW-01,"Mathematik, Naturwissenschaften allgemein",m,451
818,2018,SB-NATW-05,Chemie,m,7412
819,2023,SB-SKW-10,"Anglistik, Amerikanistik",m,677
820,2019,SB-SKW-06,Informations- und Bibliothekswissenschaften,m,85
821,2022,THEOL-EV-01,Evangelische Theologie,f,492
822,2022,MEDHUM-KP-01,Klinisch-prakt. Humanmedizin (ohne Zahnmedizin),f,25501
823,2022,SB-SKW-07,Allg. und vergl. Literatur- und Sprachwissenschaft,f,990
824,2020,SB-INGW-04,Elektro- und Informationstechnik,m,7985
825,2023,SB-RWSW-11,Erziehungswissenschaften,m,2148
826,2020,SB-RWSW-02,Regionalwissenschaften,f,82
827,2021,SB-KUNSTW-04,"Darstellende Kunst, Film u.Fernsehen, Theaterwiss.",f,393
828,2021,SB-INGW-05,"Verkehrstechnik, Nautik",m,2076
829,2022,LB-RW-01,Rechtswissenschaften,f,2233
830,2019,FACHGR-INGW-01,Ingenieurwissenschaften allgemein,f,617
831,2023,SB-NATW-05,Chemie,f,3684
832,2019,KL-EINR-SOZ-01,Soziale Einrichtungen der Kliniken,f,15
833,2022,MEDVET-VK-01,Vorklinische Veterinärmedizin,m,110
834,2019,SB-NATW-02,Mathematik,m,4650
835,2023,SB-RWSW-05,Sozialwesen,m,1044
836,2021,SB-INGW-03,Maschinenbau/Verfahrenstechnik,m,13777
837,2022,SB-SKW-10,"Anglistik, Amerikanistik",f,1391
838,2019,EINR-SONST-01,Übrige Ausbildungseinrichtungen,m,227
839,2021,SB-INGW-10,Wirtschaftsingenieurw. mit ingenieurw. Schwerpunkt,m,429
840,2019,SB-INGW-05,"Verkehrstechnik, Nautik",m,1779
841,2023,SB-NATW-06,Pharmazie,f,812
842,2023,SB-SKW-05,Geschichte,m,1746
843,2023,SB-NATW-07,Biologie,f,4876
844,2019,MEDVET-KT-01,Klinisch-theoretische Veterinärmedizin,m,226
845,2018,MEDHUM-KP-01,Klinisch-prakt. Humanmedizin (ohne Zahnmedizin),m,21836
846,2019,MEDHUM-ALLG-01,Humanmedizin allgemein,m,337
847,2022,SB-SKW-11,Romanistik,f,813
848,2023,MEDZN-KP-01,Zahnmedizin (klinisch-praktisch),f,1158
849,2023,SB-RWSW-07,Verwaltungswissenschaften,m,1413
850,2022,SB-SKW-12,"Slawistik, Baltistik, Finno-Ugristik",f,285
851,2019,LB-RW-01,Rechtswissenschaften,f,2047
852,2022,HS-01,Hochschule insgesamt,f,361
853,2021,MEDHUM-KP-01,Klinisch-prakt. Humanmedizin (ohne Zahnmedizin),m,22923
854,2021,KL-EINR-SOZ-01,Soziale Einrichtungen der Kliniken,f,7
855,2022,SB-SKW-05,Geschichte,f,1499
856,2019,THEOL-KT-01,Katholische Theologie,f,337
857,2023,SB-SKW-06,Informations- und Bibliothekswissenschaften,m,88
858,2020,SB-SKW-06,Informations- und Bibliothekswissenschaften,f,84
859,2022,SB-SKW-04,Philosophie,f,663
860,2018,SB-INGW-07,Raumplanung,m,327
861,2021,KL-EINR-AUSB-01,Übrige Ausbildungseinrichtungen der Kliniken,m,39
862,2021,MEDZN-KP-01,Zahnmedizin (klinisch-praktisch),f,1038
863,2021,SKW-SONST-01,Sonstige Sprach- und Kulturwissenschaften,f,820
864,2020,SF013,Architektur,f,1056
865,2021,SB-INGW-04,Elektro- und Informationstechnik,m,8064
866,2023,SB-NATW-08,Geowissenschaften (ohne Geographie),f,1068
867,2019,SB-NATW-04,"Physik, Astronomie",m,8882
868,2020,SB-SKW-07,Allg. und vergl. Literatur- und Sprachwissenschaft,f,965
869,2019,SB-SKW-19,Medienwissenschaft,f,0
870,2020,LB-RW-01,Rechtswissenschaften,m,3601
871,2023,SB-INGW-03,Maschinenbau/Verfahrenstechnik,m,13088
872,2023,MEDVET-VK-01,Vorklinische Veterinärmedizin,m,109
873,2020,SB-NATW-04,"Physik, Astronomie",f,2118
874,2023,SB-RWSW-09,Wirtschaftsingenieurw. mit wirtschaftsw. Schwerp.,m,634
875,2018,MEDZN-KP-01,Zahnmedizin (klinisch-praktisch),f,919
876,2018,SB-RWSW-03,Politikwissenschaft,m,981
877,2021,PHIL-KLASS-01,Altphilologie (klassische Philologie),f,178
878,2023,SB-AGRW-01,"Landespflege, Umweltgestaltung",f,233
879,2019,EINR-KLFRMD-02,Mit der Klinik verbundene u.klinikfremde Einricht.,m,15
880,2021,SB-NATW-07,Biologie,f,4685
881,2019,SB-NATW-09,Geographie,m,1100
882,2022,FACHGR-RWSW-01,"Rechts-, Wirtschafts- u.Sozialwissenschaften allg.",m,421
883,2021,SB-RWSW-12,Kommunikationswissenschaft/Publizistik,m,350
884,2020,EINR-WISS-01,Zentrale wissenschaftliche Einrichtungen,f,3989
885,2020,THEOL-EV-01,Evangelische Theologie,f,478
886,2018,EINR-WISS-01,Zentrale wissenschaftliche Einrichtungen,f,3822
887,2022,SB-NATW-06,Pharmazie,f,770
888,2022,SB-AGRW-02,"Agrarwissensch., Lebensmittel- u. Getränketechnik",f,1244
889,2022,SB-INGW-04,Elektro- und Informationstechnik,m,7934
890,2021,THEOL-EV-01,Evangelische Theologie,f,472
891,2018,MEDHUM-VK-01,Vorklinische Humanmedizin (einschl. Zahnmedizin),m,2111
892,2018,SB-MEDHUM-01,Gesundheitswissenschaften,m,678
893,2020,SB-SKW-04,Philosophie,f,635
894,2023,SB-INGW-07,Raumplanung,m,368
895,2020,MEDHUM-VK-01,Vorklinische Humanmedizin (einschl. Zahnmedizin),m,2150
896,2018,MEDHUM-KT-01,Klinisch-theor. Humanmedizin (einschl.Zahnmedizin),m,5343
897,2019,MEDZN-KP-01,Zahnmedizin (klinisch-praktisch),f,955
898,2023,SB-RWSW-10,Psychologie,m,2205
899,2019,MEDVET-KP-01,Klinisch-praktische Veterinärmedizin,m,204
900,2021,FACHGR-RWSW-01,"Rechts-, Wirtschafts- u.Sozialwissenschaften allg.",m,377
901,2023,SB-SKW-11,Romanistik,m,418
902,2023,HS-01,Hochschule insgesamt,f,347
903,2021,SB-SKW-06,Informations- und Bibliothekswissenschaften,m,87
904,2019,SB-RWSW-02,Regionalwissenschaften,m,86
905,2020,SB-INGW-12,Informatik,m,9533
906,2020,SB-MEDHUM-01,Gesundheitswissenschaften,m,775
907,2020,SB-NATW-08,Geowissenschaften (ohne Geographie),f,1032
908,2020,SB-AGRW-01,"Landespflege, Umweltgestaltung",f,233
909,2022,PHIL-KLASS-01,Altphilologie (klassische Philologie),f,179
910,2018,KL-EINR-AUSB-01,Übrige Ausbildungseinrichtungen der Kliniken,f,97
911,2020,FACHGR-INGW-01,Ingenieurwissenschaften allgemein,m,1712
912,2020,SB-KUNSTW-03,Gestaltung,f,683
913,2022,SB-NATW-01,"Mathematik, Naturwissenschaften allgemein",f,326
914,2020,SB-SKW-12,"Slawistik, Baltistik, Finno-Ugristik",m,165
915,2018,SB-INGW-02,"Bergbau, Hüttenwesen",m,397
916,2020,SB-NATW-09,Geographie,f,808
917,2022,SB-NATW-02,Mathematik,f,1674
918,2018,SB-RWSW-08,Wirtschaftswissenschaften,m,10972
919,2018,HS-VERW-01,Zentrale Hochschulverwaltung,f,2024
920,2023,SB-MEDHUM-01,Gesundheitswissenschaften,f,1607
921,2020,SB-SKW-11,Romanistik,m,424
922,2019,EINR-VERS-01,Zentrale Betriebs- und Versorgungseinrichtungen,f,100
923,2022,SB-INGW-09,Vermessungswesen,m,512
924,2020,EINR-HSFRMD-02,Mit der Hochschule verb. u. hochschulfr. Einricht.,m,146
925,2020,SB-KUNSTW-02,Bildende Kunst,f,338
926,2018,SB-RWSW-07,Verwaltungswissenschaften,m,1219
927,2023,MEDHUM-VK-01,Vorklinische Humanmedizin (einschl. Zahnmedizin),f,2424
928,2022,SB-RWSW-10,Psychologie,m,2200
929,2021,AFEW-ALLG-01,"Agrar-, Forst- und Ernährungswissenschaften allg.",f,103
930,2021,MEDVET-ALLG-01,Veterinärmedizin allgemein,f,7
931,2018,SB-SKW-17,Sonderpädagogik,m,0
932,2020,MEDHUM-ALLG-01,Humanmedizin allgemein,m,471
933,2019,AFEW-ALLG-01,"Agrar-, Forst- und Ernährungswissenschaften allg.",f,72
934,2022,SB-NATW-05,Chemie,f,3595
935,2022,SB-RWSW-11,Erziehungswissenschaften,m,2107
936,2023,SB-NATW-01,"Mathematik, Naturwissenschaften allgemein",f,350
937,2018,EINR-KLFRMD-02,Mit der Klinik verbundene u.klinikfremde Einricht.,m,15
938,2023,SB-INGW-04,Elektro- und Informationstechnik,m,7954
939,2022,SB-INGW-08,Bauingenieurwesen,m,3484
940,2021,SB-NATW-08,Geowissenschaften (ohne Geographie),f,1069
941,2019,SB-RWSW-05,Sozialwesen,m,967
942,2021,SB-RWSW-11,Erziehungswissenschaften,m,2132
943,2023,LB-RW-01,Rechtswissenschaften,m,3559
944,2020,SB-RWSW-10,Psychologie,m,2131
945,2019,BIB-ZENTRAL-01,Zentralbibliothek,m,209
946,2020,SB-SKW-17,Sonderpädagogik,m,0
947,2018,SB-RWSW-04,Sozialwissenschaften/Soziologie,m,1578
948,2019,SB-RWSW-03,Politikwissenschaft,m,1049
949,2021,FACHGR-INGW-01,Ingenieurwissenschaften allgemein,m,1904
950,2021,SB-SKW-01,Geisteswissenschaften allgemein,m,391
951,2021,SB-NATW-06,Pharmazie,f,739
952,2019,PHIL-KLASS-01,Altphilologie (klassische Philologie),f,188
953,2023,SB-AGRW-02,"Agrarwissensch., Lebensmittel- u. Getränketechnik",f,1321
954,2021,EINR-VERS-01,Zentrale Betriebs- und Versorgungseinrichtungen,f,136
955,2020,SB-NATW-07,Biologie,f,4568
956,2022,SB-AGRW-03,"Forstwissenschaft, Holzwirtschaft",f,261
957,2021,SB-NATW-04,"Physik, Astronomie",f,2221
958,2023,MEDVET-KP-01,Klinisch-praktische Veterinärmedizin,m,197
959,2023,SB-INGW-08,Bauingenieurwesen,m,3467
960,2023,MEDHUM-KP-01,Klinisch-prakt. Humanmedizin (ohne Zahnmedizin),f,26677
961,2020,SB-KUNSTW-04,"Darstellende Kunst, Film u.Fernsehen, Theaterwiss.",f,389
962,2020,SB-NATW-01,"Mathematik, Naturwissenschaften allgemein",f,302
963,2018,HS-VERW-02,Zentral verwaltete Hörsäle und Lehrräume,f,0
964,2020,SB-AGRW-04,Ernährungs- und Haushaltswissenschaften,f,433
965,2018,SB-SKW-14,Kulturwissenschaften i.e.S.,m,247
966,2018,FACHGR-RWSW-01,"Rechts-, Wirtschafts- u.Sozialwissenschaften allg.",f,628
967,2020,MEDHUM-KT-01,Klinisch-theor. Humanmedizin (einschl.Zahnmedizin),m,6029
968,2023,SB-INGW-09,Vermessungswesen,m,509
969,2021,SB-AGRW-03,"Forstwissenschaft, Holzwirtschaft",f,299
970,2020,MEDHUM-KP-01,Klinisch-prakt. Humanmedizin (ohne Zahnmedizin),m,23020
971,2018,SB-SKW-12,"Slawistik, Baltistik, Finno-Ugristik",m,167
972,2019,SF013,Architektur,f,1005
973,2018,BIB-ZENTRAL-01,Zentralbibliothek,m,207
974,2021,SB-AGRW-02,"Agrarwissensch., Lebensmittel- u. Getränketechnik",f,1339
975,2020,EINR-SONST-01,Übrige Ausbildungseinrichtungen,m,212
976,2020,SB-RWSW-12,Kommunikationswissenschaft/Publizistik,m,343
977,2021,SB-NATW-02,Mathematik,f,1578
978,2023,FACHGR-RWSW-01,"Rechts-, Wirtschafts- u.Sozialwissenschaften allg.",m,437
979,2023,MEDVET-KT-01,Klinisch-theoretische Veterinärmedizin,m,228
980,2018,SB-SKW-10,"Anglistik, Amerikanistik",m,715
981,2018,SB-SKW-11,Romanistik,m,435
982,2022,SKW-SONST-01,Sonstige Sprach- und Kulturwissenschaften,f,830
983,2023,SF013,Architektur,m,1642
984,2020,MEDVET-ALLG-01,Veterinärmedizin allgemein,f,10
985,2022,SB-AGRW-01,"Landespflege, Umweltgestaltung",f,194
986,2019,HS-VERW-01,Zentrale Hochschulverwaltung,f,1955
987,2020,SB-NATW-05,Chemie,f,3544
988,2021,EINR-HSFRMD-02,Mit der Hochschule verb. u. hochschulfr. Einricht.,m,159
989,2019,HS-VERW-02,Zentral verwaltete Hörsäle und Lehrräume,f,0
990,2020,SB-RWSW-11,Erziehungswissenschaften,m,2115
991,2021,SB-NATW-01,"Mathematik, Naturwissenschaften allgemein",f,299
992,2020,SB-SKW-19,Medienwissenschaft,m,310
993,2019,SKW-SONST-01,Sonstige Sprach- und Kulturwissenschaften,f,758
994,2018,SB-RWSW-02,Regionalwissenschaften,m,72
995,2021,SB-AGRW-04,Ernährungs- und Haushaltswissenschaften,f,464
996,2019,FACHGR-AGRVET,"Agrar-, Forst- u.Ernährungswiss., Veterinärmedizin",m,3175
997,2023,FACHGR-ZE-02,Zentr.Einricht.d.Hochschulkliniken (nur Humanmed.),f,1716
998,2019,FACHGR-ZE-01,Zentr.Einrichtungen (o. klinikspez. Einrichtungen),f,7148
999,2020,FACHGR-SKW,Geisteswissenschaften,f,10797
1000,2021,FACHGR-ZE-01,Zentr.Einrichtungen (o. klinikspez. Einrichtungen),f,7565
1001,2021,FACHGR-AGRVET,"Agrar-, Forst- u.Ernährungswiss., Veterinärmedizin",f,3547
1002,2023,FACHGR-KUNSTW,"Kunst, Kunstwissenschaft",f,3663
1003,2023,FACHGR-INGW,Ingenieurwissenschaften,f,12947
1004,2018,FACHGR-INGW,Ingenieurwissenschaften,m,41395
1005,2018,FACHGR-MEDHUM,Humanmedizin/Gesundheitswissenschaften,m,31384
1006,2023,FACHGR-AGRVET,"Agrar-, Forst- u.Ernährungswiss., Veterinärmedizin",m,3274
1007,2020,FACHGR-INGW,Ingenieurwissenschaften,m,43421
1008,2022,FACHGR-AGRVET,"Agrar-, Forst- u.Ernährungswiss., Veterinärmedizin",m,3295
1009,2023,FACHGR-RWSW,"Rechts-, Wirtschafts- und Sozialwissenschaften",m,25274
1010,2019,FACHGR-KUNSTW,"Kunst, Kunstwissenschaft",f,3177
1011,2018,FACHGR-SKW,Geisteswissenschaften,m,9746
1012,2020,FACHGR-ZE-01,Zentr.Einrichtungen (o. klinikspez. Einrichtungen),f,7393
1013,2019,FACHGR-SKW,Geisteswissenschaften,f,10523
1014,2019,FACHGR-NATW,"Mathematik, Naturwissenschaften",m,30715
1015,2020,FACHGR-MEDHUM,Humanmedizin/Gesundheitswissenschaften,f,35503
1016,2018,FACHGR-NATW,"Mathematik, Naturwissenschaften",m,30546
1017,2023,FACHGR-NATW,"Mathematik, Naturwissenschaften",f,15720
1018,2020,FACHGR-RWSW,"Rechts-, Wirtschafts- und Sozialwissenschaften",m,25381
1019,2021,FACHGR-MEDHUM,Humanmedizin/Gesundheitswissenschaften,f,36796
1020,2022,FACHGR-ZE-01,Zentr.Einrichtungen (o. klinikspez. Einrichtungen),f,7891
1021,2019,FACHGR-SKW,Geisteswissenschaften,m,9795
1022,2021,FACHGR-KUNSTW,"Kunst, Kunstwissenschaft",m,4366
1023,2018,FACHGR-ZE-01,Zentr.Einrichtungen (o. klinikspez. Einrichtungen),f,7196
1024,2023,FACHGR-INGW,Ingenieurwissenschaften,m,43973
1025,2019,FACHGR-INGW,Ingenieurwissenschaften,m,41940
1026,2018,FACHGR-ZE-02,Zentr.Einricht.d.Hochschulkliniken (nur Humanmed.),f,918
1027,2020,FACHGR-NATW,"Mathematik, Naturwissenschaften",f,14668
1028,2021,FACHGR-INGW,Ingenieurwissenschaften,m,44189
1029,2023,FACHGR-MEDHUM,Humanmedizin/Gesundheitswissenschaften,f,39574
1030,2020,FACHGR-ZE-02,Zentr.Einricht.d.Hochschulkliniken (nur Humanmed.),f,1118
1031,2021,FACHGR-SKW,Geisteswissenschaften,m,9634
1032,2022,FACHGR-ZE-02,Zentr.Einricht.d.Hochschulkliniken (nur Humanmed.),f,1555
1033,2022,FACHGR-SKW,Geisteswissenschaften,m,9504
1034,2018,FACHGR-AGRVET,"Agrar-, Forst- u.Ernährungswiss., Veterinärmedizin",m,3240
1035,2023,FACHGR-KUNSTW,"Kunst, Kunstwissenschaft",m,4357
1036,2018,FACHGR-KUNSTW,"Kunst, Kunstwissenschaft",m,4314
1037,2019,FACHGR-RWSW,"Rechts-, Wirtschafts- und Sozialwissenschaften",m,24837
1038,2019,FACHGR-KUNSTW,"Kunst, Kunstwissenschaft",m,4284
1039,2018,FACHGR-RWSW,"Rechts-, Wirtschafts- und Sozialwissenschaften",m,24734
1040,2020,FACHGR-KUNSTW,"Kunst, Kunstwissenschaft",m,4302
1041,2018,FACHGR-SKW,Geisteswissenschaften,f,10437
1042,2023,FACHGR-ZE-01,Zentr.Einrichtungen (o. klinikspez. Einrichtungen),f,7987
1043,2020,FACHGR-AGRVET,"Agrar-, Forst- u.Ernährungswiss., Veterinärmedizin",m,3261
1044,2018,FACHGR-RWSW,"Rechts-, Wirtschafts- und Sozialwissenschaften",f,19644
1045,2022,FACHGR-MEDHUM,Humanmedizin/Gesundheitswissenschaften,f,38076
1046,2020,FACHGR-RWSW,"Rechts-, Wirtschafts- und Sozialwissenschaften",f,21269
1047,2023,FACHGR-NATW,"Mathematik, Naturwissenschaften",m,30062
1048,2022,FACHGR-INGW,Ingenieurwissenschaften,m,43836
1049,2022,FACHGR-KUNSTW,"Kunst, Kunstwissenschaft",m,4383
1050,2021,FACHGR-ZE-02,Zentr.Einricht.d.Hochschulkliniken (nur Humanmed.),f,1537
1051,2021,FACHGR-KUNSTW,"Kunst, Kunstwissenschaft",f,3426
1052,2021,FACHGR-SKW,Geisteswissenschaften,f,11067
1053,2019,FACHGR-ZE-02,Zentr.Einricht.d.Hochschulkliniken (nur Humanmed.),f,910
1054,2019,FACHGR-INGW,Ingenieurwissenschaften,f,10595
1055,2023,FACHGR-SKW,Geisteswissenschaften,m,9295
1056,2018,FACHGR-INGW,Ingenieurwissenschaften,f,10124
1057,2022,FACHGR-NATW,"Mathematik, Naturwissenschaften",f,15323
1058,2023,FACHGR-AGRVET,"Agrar-, Forst- u.Ernährungswiss., Veterinärmedizin",f,3754
1059,2018,FACHGR-MEDHUM,Humanmedizin/Gesundheitswissenschaften,f,31840
1060,2020,FACHGR-KUNSTW,"Kunst, Kunstwissenschaft",f,3259
1061,2021,FACHGR-NATW,"Mathematik, Naturwissenschaften",f,14969
1062,2019,FACHGR-MEDHUM,Humanmedizin/Gesundheitswissenschaften,f,33225
1063,2022,FACHGR-RWSW,"Rechts-, Wirtschafts- und Sozialwissenschaften",m,25390
1064,2018,FACHGR-KUNSTW,"Kunst, Kunstwissenschaft",f,3069
1065,2021,FACHGR-RWSW,"Rechts-, Wirtschafts- und Sozialwissenschaften",m,25494
1066,2021,FACHGR-AGRVET,"Agrar-, Forst- u.Ernährungswiss., Veterinärmedizin",m,3310
1067,2022,FACHGR-KUNSTW,"Kunst, Kunstwissenschaft",f,3584
1068,2023,FACHGR-SKW,Geisteswissenschaften,f,11047
1069,2020,FACHGR-MEDHUM,Humanmedizin/Gesundheitswissenschaften,m,33555
1070,2019,FACHGR-RWSW,"Rechts-, Wirtschafts- und Sozialwissenschaften",f,20417
1071,2021,FACHGR-RWSW,"Rechts-, Wirtschafts- und Sozialwissenschaften",f,22081
1072,2020,FACHGR-SKW,Geisteswissenschaften,m,9771
1073,2023,FACHGR-ZE-02,Zentr.Einricht.d.Hochschulkliniken (nur Humanmed.),m,1255
1074,2022,FACHGR-AGRVET,"Agrar-, Forst- u.Ernährungswiss., Veterinärmedizin",f,3543
1075,2019,FACHGR-MEDHUM,Humanmedizin/Gesundheitswissenschaften,m,32285
1076,2022,FACHGR-INGW,Ingenieurwissenschaften,f,12513
1077,2021,FACHGR-INGW,Ingenieurwissenschaften,f,12143
1078,2020,FACHGR-ZE-01,Zentr.Einrichtungen (o. klinikspez. Einrichtungen),m,7200
1079,2018,FACHGR-ZE-02,Zentr.Einricht.d.Hochschulkliniken (nur Humanmed.),m,637
1080,2019,FACHGR-NATW,"Mathematik, Naturwissenschaften",f,14586
1081,2021,FACHGR-ZE-02,Zentr.Einricht.d.Hochschulkliniken (nur Humanmed.),m,1172
1082,2020,FACHGR-NATW,"Mathematik, Naturwissenschaften",m,30751
1083,2020,FACHGR-INGW,Ingenieurwissenschaften,f,11401
1084,2023,FACHGR-MEDHUM,Humanmedizin/Gesundheitswissenschaften,m,34825
1085,2019,FACHGR-ZE-02,Zentr.Einricht.d.Hochschulkliniken (nur Humanmed.),m,656
1086,2022,FACHGR-ZE-02,Zentr.Einricht.d.Hochschulkliniken (nur Humanmed.),m,1136
1087,2018,FACHGR-NATW,"Mathematik, Naturwissenschaften",f,14210
1088,2020,FACHGR-ZE-02,Zentr.Einricht.d.Hochschulkliniken (nur Humanmed.),m,755
1089,2022,FACHGR-SKW,Geisteswissenschaften,f,11058
1090,2018,FACHGR-AGRVET,"Agrar-, Forst- u.Ernährungswiss., Veterinärmedizin",f,3212
1091,2019,FACHGR-AGRVET,"Agrar-, Forst- u.Ernährungswiss., Veterinärmedizin",f,3263
1092,2022,FACHGR-ZE-01,Zentr.Einrichtungen (o. klinikspez. Einrichtungen),m,7629
1093,2018,FACHGR-ZE-01,Zentr.Einrichtungen (o. klinikspez. Einrichtungen),m,6874
1094,2019,FACHGR-ZE-01,Zentr.Einrichtungen (o. klinikspez. Einrichtungen),m,6986
1095,2023,FACHGR-RWSW,"Rechts-, Wirtschafts- und Sozialwissenschaften",f,22993
1096,2022,FACHGR-NATW,"Mathematik, Naturwissenschaften",m,30342
1097,2021,FACHGR-MEDHUM,Humanmedizin/Gesundheitswissenschaften,m,33843
1098,2023,FACHGR-ZE-01,Zentr.Einrichtungen (o. klinikspez. Einrichtungen),m,7700
1099,2021,FACHGR-ZE-01,Zentr.Einrichtungen (o. klinikspez. Einrichtungen),m,7507
1100,2022,FACHGR-MEDHUM,Humanmedizin/Gesundheitswissenschaften,m,34325
1101,2022,FACHGR-RWSW,"Rechts-, Wirtschafts- und Sozialwissenschaften",f,22639
1102,2020,FACHGR-AGRVET,"Agrar-, Forst- u.Ernährungswiss., Veterinärmedizin",f,3374
1103,2021,FACHGR-NATW,"Mathematik, Naturwissenschaften",m,30781
