,year,subj_grp_code,subj_grp_name,gender,number,subgroup
0,2018,SB-NATW-08,Geowissenschaften (ohne Geographie),GESM,2069,p_all
1,2018,SB-KUNSTW-03,Gestaltung,GESM,917,p_all
2,2021,SB-NATW-05,Chemie,GESW,3565,p_all
3,2022,SB-KUNSTW-04,"Darstellende Kunst, Film u.Fernsehen, Theaterwiss.",GESM,370,p_all
4,2020,SB-INGW-09,Vermessungswesen,GESM,442,p_all
5,2022,HRZ-01,Hochschulrechenzentrum,GESM,854,p_all
6,2019,SB-KUNSTW-03,Gestaltung,GESW,641,p_all
7,2018,SB-NATW-01,"Mathematik, Naturwissenschaften allgemein",GESW,276,p_all
8,2018,KL-ZD-01,"Kliniken insgesamt, Zentrale Dienste",GESW,787,p_all
9,2020,SB-NATW-06,Pharmazie,GESW,735,p_all
10,2022,THEOL-KT-01,Katholische Theologie,GESM,573,p_all
11,2021,SB-RWSW-05,Sozialwesen,GESM,1045,p_all
12,2020,SB-INGW-02,"Bergbau, Hüttenwesen",GESW,133,p_all
13,2019,EINR-WISS-01,Zentrale wissenschaftliche Einrichtungen,GESW,3810,p_all
14,2020,MEDHUM-KP-01,Klinisch-prakt. Humanmedizin (ohne Zahnmedizin),GESW,24088,p_all
15,2019,SB-NATW-07,Biologie,GESM,5052,p_all
16,2022,SF013,Architektur,GESM,1663,p_all
17,2020,SB-SKW-09,"Germanistik (Deutsch, germ. Sprachen o. Anglistik)",GESM,1389,p_all
18,2021,SB-AGRW-01,"Landespflege, Umweltgestaltung",GESW,257,p_all
19,2020,SB-AGRW-03,"Forstwissenschaft, Holzwirtschaft",GESW,259,p_all
20,2019,SB-AGRW-03,"Forstwissenschaft, Holzwirtschaft",GESM,469,p_all
21,2019,KL-EINR-AUSB-01,Übrige Ausbildungseinrichtungen der Kliniken,GESW,89,p_all
22,2018,SB-INGW-04,Elektro- und Informationstechnik,GESM,7818,p_all
23,2022,SB-SKW-01,Geisteswissenschaften allgemein,GESW,522,p_all
24,2022,SB-RWSW-10,Psychologie,GESW,3586,p_all
25,2022,SKW-SONST-01,Sonstige Sprach- und Kulturwissenschaften,GESM,709,p_all
26,2019,MEDHUM-VK-01,Vorklinische Humanmedizin (einschl. Zahnmedizin),GESM,2166,p_all
27,2020,MEDHUM-ALLG-01,Humanmedizin allgemein,GESW,442,p_all
28,2023,FACHGR-INGW-01,Ingenieurwissenschaften allgemein,GESM,1914,p_all
29,2021,SB-INGW-08,Bauingenieurwesen,GESM,3572,p_all
30,2018,FACHGR-INGW-01,Ingenieurwissenschaften allgemein,GESW,590,p_all
31,2021,SB-MEDHUM-01,Gesundheitswissenschaften,GESM,823,p_all
32,2023,SB-KUNSTW-04,"Darstellende Kunst, Film u.Fernsehen, Theaterwiss.",GESW,427,p_all
33,2019,HRZ-01,Hochschulrechenzentrum,GESW,213,p_all
34,2022,KL-EINR-AUSB-01,Übrige Ausbildungseinrichtungen der Kliniken,GESM,49,p_all
35,2021,PHIL-KLASS-01,Altphilologie (klassische Philologie),GESM,287,p_all
36,2020,SB-SKW-01,Geisteswissenschaften allgemein,GESW,549,p_all
37,2021,SB-RWSW-12,Kommunikationswissenschaft/Publizistik,GESW,410,p_all
38,2019,SB-SKW-09,"Germanistik (Deutsch, germ. Sprachen o. Anglistik)",GESM,1389,p_all
39,2021,SB-SKW-01,Geisteswissenschaften allgemein,GESW,536,p_all
40,2018,SB-SKW-09,"Germanistik (Deutsch, germ. Sprachen o. Anglistik)",GESM,1384,p_all
41,2022,SB-INGW-07,Raumplanung,GESM,367,p_all
42,2018,SKW-SONST-01,Sonstige Sprach- und Kulturwissenschaften,GESM,709,p_all
43,2023,SB-RWSW-02,Regionalwissenschaften,GESM,78,p_all
44,2023,SB-NATW-02,Mathematik,GESW,1704,p_all
45,2020,SB-RWSW-12,Kommunikationswissenschaft/Publizistik,GESW,361,p_all
46,2021,SB-RWSW-11,Erziehungswissenschaften,GESW,4371,p_all
47,2023,EINR-SOZ-01,Soziale Einrichtungen,GESM,9,p_all
48,2020,MEDVET-ALLG-01,Veterinärmedizin allgemein,GESM,0,p_all
49,2023,EINR-VERS-01,Zentrale Betriebs- und Versorgungseinrichtungen,GESW,129,p_all
50,2022,EINR-KLFRMD-02,Mit der Klinik verbundene u.klinikfremde Einricht.,GESM,25,p_all
51,2020,SB-AGRW-02,"Agrarwissensch., Lebensmittel- u. Getränketechnik",GESW,1328,p_all
52,2022,KL-ZD-01,"Kliniken insgesamt, Zentrale Dienste",GESM,1058,p_all
53,2018,MEDHUM-KT-01,Klinisch-theor. Humanmedizin (einschl.Zahnmedizin),GESW,5421,p_all
54,2018,MEDHUM-ALLG-01,Humanmedizin allgemein,GESM,332,p_all
55,2019,MEDZN-KP-01,Zahnmedizin (klinisch-praktisch),GESM,1083,p_all
56,2022,MEDHUM-KT-01,Klinisch-theor. Humanmedizin (einschl.Zahnmedizin),GESW,6878,p_all
57,2022,SB-INGW-12,Informatik,GESW,2665,p_all
58,2021,FACHGR-RWSW-01,"Rechts-, Wirtschafts- u.Sozialwissenschaften allg.",GESW,325,p_all
59,2020,AFEW-ALLG-01,"Agrar-, Forst- und Ernährungswissenschaften allg.",GESW,86,p_all
60,2022,SB-RWSW-04,Sozialwissenschaften/Soziologie,GESM,1534,p_all
61,2022,SB-MEDHUM-01,Gesundheitswissenschaften,GESW,1569,p_all
62,2019,SB-KUNSTW-02,Bildende Kunst,GESW,324,p_all
63,2018,SB-AGRW-04,Ernährungs- und Haushaltswissenschaften,GESM,191,p_all
64,2023,SB-INGW-05,"Verkehrstechnik, Nautik",GESM,2172,p_all
65,2020,KL-EINR-SOZ-01,Soziale Einrichtungen der Kliniken,GESW,14,p_all
66,2020,SB-KUNSTW-01,"Kunst, Kunstwissenschaft allgemein",GESW,768,p_all
67,2023,THEOL-EV-01,Evangelische Theologie,GESM,646,p_all
68,2022,SB-NATW-04,"Physik, Astronomie",GESW,2291,p_all
69,2018,SB-MEDHUM-01,Gesundheitswissenschaften,GESW,1120,p_all
70,2023,PHIL-KLASS-01,Altphilologie (klassische Philologie),GESM,274,p_all
71,2022,SB-KUNSTW-05,"Musik, Musikwissenschaft",GESM,2120,p_all
72,2021,SF013,Architektur,GESM,1628,p_all
73,2022,SB-RWSW-03,Politikwissenschaft,GESM,1174,p_all
74,2020,SB-SKW-14,Kulturwissenschaften i.e.S.,GESW,315,p_all
75,2022,SB-SKW-14,Kulturwissenschaften i.e.S.,GESW,334,p_all
76,2018,SB-NATW-07,Biologie,GESM,5042,p_all
77,2023,SB-KUNSTW-05,"Musik, Musikwissenschaft",GESW,1221,p_all
78,2023,MEDHUM-VK-01,Vorklinische Humanmedizin (einschl. Zahnmedizin),GESM,2187,p_all
79,2018,SB-KUNSTW-04,"Darstellende Kunst, Film u.Fernsehen, Theaterwiss.",GESM,413,p_all
80,2019,MEDVET-VK-01,Vorklinische Veterinärmedizin,GESM,106,p_all
81,2018,SB-NATW-09,Geographie,GESM,1099,p_all
82,2020,EINR-HSFRMD-02,Mit der Hochschule verb. u. hochschulfr. Einricht.,GESW,112,p_all
83,2022,SB-RWSW-05,Sozialwesen,GESM,1029,p_all
84,2019,SB-AGRW-02,"Agrarwissensch., Lebensmittel- u. Getränketechnik",GESM,1579,p_all
85,2019,SB-SKW-17,Sonderpädagogik,GESW,0,p_all
86,2020,MEDVET-VK-01,Vorklinische Veterinärmedizin,GESM,103,p_all
87,2018,MEDVET-KT-01,Klinisch-theoretische Veterinärmedizin,GESW,347,p_all
88,2019,SB-AGRW-04,Ernährungs- und Haushaltswissenschaften,GESM,197,p_all
89,2023,SB-KUNSTW-03,Gestaltung,GESW,774,p_all
90,2018,SB-SKW-01,Geisteswissenschaften allgemein,GESW,741,p_all
91,2022,SB-INGW-05,"Verkehrstechnik, Nautik",GESM,2201,p_all
92,2022,MEDVET-ALLG-01,Veterinärmedizin allgemein,GESW,12,p_all
93,2021,SB-INGW-09,Vermessungswesen,GESM,479,p_all
94,2021,SB-INGW-07,Raumplanung,GESM,367,p_all
95,2021,MEDHUM-KT-01,Klinisch-theor. Humanmedizin (einschl.Zahnmedizin),GESM,6126,p_all
96,2019,SB-NATW-08,Geowissenschaften (ohne Geographie),GESM,2066,p_all
97,2023,SB-INGW-11,Materialwissenschaft und Werkstofftechnik,GESW,547,p_all
98,2018,SB-INGW-03,Maschinenbau/Verfahrenstechnik,GESM,13406,p_all
99,2023,SB-RWSW-03,Politikwissenschaft,GESM,1066,p_all
100,2018,SB-KUNSTW-02,Bildende Kunst,GESM,459,p_all
101,2023,SB-NATW-04,"Physik, Astronomie",GESW,2387,p_all
102,2019,FACHGR-RWSW-01,"Rechts-, Wirtschafts- u.Sozialwissenschaften allg.",GESM,658,p_all
103,2021,SB-SKW-07,Allg. und vergl. Literatur- und Sprachwissenschaft,GESM,630,p_all
104,2022,BIB-ZENTRAL-01,Zentralbibliothek,GESM,213,p_all
105,2021,KL-ZD-01,"Kliniken insgesamt, Zentrale Dienste",GESM,1108,p_all
106,2023,SB-RWSW-04,Sozialwissenschaften/Soziologie,GESM,1584,p_all
107,2018,KL-EINR-SOZ-01,Soziale Einrichtungen der Kliniken,GESM,9,p_all
108,2019,SB-INGW-04,Elektro- und Informationstechnik,GESM,7865,p_all
109,2022,EINR-WISS-01,Zentrale wissenschaftliche Einrichtungen,GESM,4007,p_all
110,2023,SB-INGW-12,Informatik,GESW,2854,p_all
111,2019,SB-NATW-05,Chemie,GESM,7493,p_all
112,2019,EINR-SOZ-01,Soziale Einrichtungen,GESM,14,p_all
113,2021,MEDHUM-ALLG-01,Humanmedizin allgemein,GESM,790,p_all
114,2023,SB-SKW-09,"Germanistik (Deutsch, germ. Sprachen o. Anglistik)",GESM,1322,p_all
115,2019,SB-NATW-06,Pharmazie,GESM,1021,p_all
116,2018,SB-INGW-05,"Verkehrstechnik, Nautik",GESM,1707,p_all
117,2023,SKW-SONST-01,Sonstige Sprach- und Kulturwissenschaften,GESW,827,p_all
118,2019,SB-INGW-02,"Bergbau, Hüttenwesen",GESM,375,p_all
119,2020,SB-INGW-07,Raumplanung,GESM,332,p_all
120,2019,SB-SKW-18,Islamische Studien/Islamische Theologie,GESW,55,p_all
121,2021,SB-SKW-09,"Germanistik (Deutsch, germ. Sprachen o. Anglistik)",GESM,1382,p_all
122,2019,SB-INGW-03,Maschinenbau/Verfahrenstechnik,GESM,13482,p_all
123,2023,SB-SKW-07,Allg. und vergl. Literatur- und Sprachwissenschaft,GESM,626,p_all
124,2022,MEDZN-KP-01,Zahnmedizin (klinisch-praktisch),GESW,1120,p_all
125,2020,SB-INGW-08,Bauingenieurwesen,GESM,3456,p_all
126,2018,EINR-VERS-01,Zentrale Betriebs- und Versorgungseinrichtungen,GESM,93,p_all
127,2020,BIB-ZENTRAL-01,Zentralbibliothek,GESW,233,p_all
128,2019,SB-AGRW-01,"Landespflege, Umweltgestaltung",GESM,289,p_all
129,2020,SB-INGW-04,Elektro- und Informationstechnik,GESW,1377,p_all
130,2019,SB-KUNSTW-05,"Musik, Musikwissenschaft",GESW,1068,p_all
131,2022,SB-KUNSTW-02,Bildende Kunst,GESM,440,p_all
132,2019,SB-INGW-11,Materialwissenschaft und Werkstofftechnik,GESW,431,p_all
133,2020,SB-RWSW-04,Sozialwissenschaften/Soziologie,GESM,1601,p_all
134,2023,HS-VERW-02,Zentral verwaltete Hörsäle und Lehrräume,GESW,0,p_all
135,2021,SB-KUNSTW-05,"Musik, Musikwissenschaft",GESW,1116,p_all
136,2023,MEDHUM-ALLG-01,Humanmedizin allgemein,GESW,624,p_all
137,2018,SB-NATW-06,Pharmazie,GESM,1008,p_all
138,2021,MEDVET-KT-01,Klinisch-theoretische Veterinärmedizin,GESM,245,p_all
139,2019,SB-SKW-14,Kulturwissenschaften i.e.S.,GESW,320,p_all
140,2018,SB-INGW-12,Informatik,GESW,1823,p_all
141,2022,SB-SKW-17,Sonderpädagogik,GESW,0,p_all
142,2019,SB-RWSW-11,Erziehungswissenschaften,GESM,2095,p_all
143,2019,FACHGR-INGW-01,Ingenieurwissenschaften allgemein,GESM,1665,p_all
144,2021,MEDVET-KP-01,Klinisch-praktische Veterinärmedizin,GESM,196,p_all
145,2019,SB-NATW-02,Mathematik,GESW,1629,p_all
146,2021,THEOL-KT-01,Katholische Theologie,GESW,348,p_all
147,2021,SB-SKW-17,Sonderpädagogik,GESW,0,p_all
148,2021,SB-INGW-03,Maschinenbau/Verfahrenstechnik,GESW,3365,p_all
149,2021,EINR-KLFRMD-02,Mit der Klinik verbundene u.klinikfremde Einricht.,GESW,20,p_all
150,2023,MEDHUM-KT-01,Klinisch-theor. Humanmedizin (einschl.Zahnmedizin),GESM,6397,p_all
151,2023,SB-AGRW-04,Ernährungs- und Haushaltswissenschaften,GESM,208,p_all
152,2018,SB-RWSW-12,Kommunikationswissenschaft/Publizistik,GESM,0,p_all
153,2022,EINR-SOZ-01,Soziale Einrichtungen,GESW,5,p_all
154,2023,KL-ZD-01,"Kliniken insgesamt, Zentrale Dienste",GESM,1165,p_all
155,2021,HRZ-01,Hochschulrechenzentrum,GESM,842,p_all
156,2019,MEDHUM-KP-01,Klinisch-prakt. Humanmedizin (ohne Zahnmedizin),GESW,22762,p_all
157,2018,SB-SKW-07,Allg. und vergl. Literatur- und Sprachwissenschaft,GESM,636,p_all
158,2022,EINR-SONST-01,Übrige Ausbildungseinrichtungen,GESM,236,p_all
159,2019,THEOL-EV-01,Evangelische Theologie,GESM,697,p_all
160,2021,SB-RWSW-03,Politikwissenschaft,GESM,1198,p_all
161,2020,THEOL-KT-01,Katholische Theologie,GESW,343,p_all
162,2018,AFEW-ALLG-01,"Agrar-, Forst- und Ernährungswissenschaften allg.",GESM,110,p_all
163,2020,KL-ZD-01,"Kliniken insgesamt, Zentrale Dienste",GESM,695,p_all
164,2022,SB-INGW-02,"Bergbau, Hüttenwesen",GESW,158,p_all
165,2018,SB-RWSW-10,Psychologie,GESW,3125,p_all
166,2020,SB-RWSW-09,Wirtschaftsingenieurw. mit wirtschaftsw. Schwerp.,GESM,672,p_all
167,2023,SB-NATW-08,Geowissenschaften (ohne Geographie),GESM,1893,p_all
168,2022,SB-RWSW-02,Regionalwissenschaften,GESM,72,p_all
169,2020,SB-SKW-07,Allg. und vergl. Literatur- und Sprachwissenschaft,GESM,643,p_all
170,2023,SB-NATW-07,Biologie,GESM,4883,p_all
171,2020,SB-RWSW-08,Wirtschaftswissenschaften,GESM,11021,p_all
172,2019,SB-SKW-07,Allg. und vergl. Literatur- und Sprachwissenschaft,GESM,619,p_all
173,2023,AFEW-ALLG-01,"Agrar-, Forst- und Ernährungswissenschaften allg.",GESW,361,p_all
174,2021,BIB-ZENTRAL-01,Zentralbibliothek,GESW,249,p_all
175,2018,SB-SKW-04,Philosophie,GESW,553,p_all
176,2020,PHIL-KLASS-01,Altphilologie (klassische Philologie),GESW,181,p_all
177,2020,SB-SKW-06,Informations- und Bibliothekswissenschaften,GESM,90,p_all
178,2021,MEDHUM-VK-01,Vorklinische Humanmedizin (einschl. Zahnmedizin),GESW,2239,p_all
179,2019,MEDVET-ALLG-01,Veterinärmedizin allgemein,GESW,5,p_all
180,2018,SB-AGRW-02,"Agrarwissensch., Lebensmittel- u. Getränketechnik",GESM,1569,p_all
181,2018,EINR-HSFRMD-02,Mit der Hochschule verb. u. hochschulfr. Einricht.,GESM,190,p_all
182,2022,SB-SKW-18,Islamische Studien/Islamische Theologie,GESW,62,p_all
183,2023,EINR-WISS-01,Zentrale wissenschaftliche Einrichtungen,GESW,4353,p_all
184,2021,SB-RWSW-08,Wirtschaftswissenschaften,GESM,10938,p_all
185,2018,SB-AGRW-03,"Forstwissenschaft, Holzwirtschaft",GESM,493,p_all
186,2020,EINR-SOZ-01,Soziale Einrichtungen,GESM,11,p_all
187,2022,SB-NATW-08,Geowissenschaften (ohne Geographie),GESM,2008,p_all
188,2023,HRZ-01,Hochschulrechenzentrum,GESM,852,p_all
189,2021,SB-RWSW-07,Verwaltungswissenschaften,GESM,1341,p_all
190,2018,SB-SKW-05,Geschichte,GESW,1438,p_all
191,2022,SB-NATW-09,Geographie,GESM,1077,p_all
192,2021,MEDVET-VK-01,Vorklinische Veterinärmedizin,GESW,179,p_all
193,2019,SB-KUNSTW-01,"Kunst, Kunstwissenschaft allgemein",GESW,765,p_all
194,2018,EINR-SOZ-01,Soziale Einrichtungen,GESW,14,p_all
195,2020,SB-RWSW-03,Politikwissenschaft,GESM,1066,p_all
196,2021,SB-SKW-14,Kulturwissenschaften i.e.S.,GESW,350,p_all
197,2022,SB-KUNSTW-03,Gestaltung,GESM,999,p_all
198,2019,SB-INGW-12,Informatik,GESW,1952,p_all
199,2023,HS-VERW-01,Zentrale Hochschulverwaltung,GESW,2206,p_all
200,2019,SB-RWSW-10,Psychologie,GESM,2111,p_all
201,2020,SB-INGW-05,"Verkehrstechnik, Nautik",GESW,251,p_all
202,2022,SB-SKW-19,Medienwissenschaft,GESM,310,p_all
203,2018,SB-NATW-02,Mathematik,GESW,1553,p_all
204,2019,SB-KUNSTW-04,"Darstellende Kunst, Film u.Fernsehen, Theaterwiss.",GESW,379,p_all
205,2020,SB-INGW-03,Maschinenbau/Verfahrenstechnik,GESW,3369,p_all
206,2018,SB-NATW-04,"Physik, Astronomie",GESW,2017,p_all
207,2021,SB-RWSW-04,Sozialwissenschaften/Soziologie,GESM,1605,p_all
208,2018,MEDVET-ALLG-01,Veterinärmedizin allgemein,GESW,5,p_all
209,2018,SB-INGW-11,Materialwissenschaft und Werkstofftechnik,GESW,423,p_all
210,2019,SB-RWSW-12,Kommunikationswissenschaft/Publizistik,GESM,0,p_all
211,2020,EINR-KLFRMD-02,Mit der Klinik verbundene u.klinikfremde Einricht.,GESW,13,p_all
212,2021,KL-EINR-SOZ-01,Soziale Einrichtungen der Kliniken,GESM,3,p_all
213,2020,SB-RWSW-05,Sozialwesen,GESM,1030,p_all
214,2021,SB-RWSW-02,Regionalwissenschaften,GESM,75,p_all
215,2018,MEDVET-KP-01,Klinisch-praktische Veterinärmedizin,GESM,206,p_all
216,2022,HS-VERW-02,Zentral verwaltete Hörsäle und Lehrräume,GESW,0,p_all
217,2021,SB-SKW-18,Islamische Studien/Islamische Theologie,GESW,68,p_all
218,2021,SB-INGW-04,Elektro- und Informationstechnik,GESW,1483,p_all
219,2023,KL-EINR-SOZ-01,Soziale Einrichtungen der Kliniken,GESW,36,p_all
220,2021,HS-01,Hochschule insgesamt,GESW,364,p_all
221,2023,SB-SKW-05,Geschichte,GESW,1521,p_all
222,2018,SB-AGRW-01,"Landespflege, Umweltgestaltung",GESM,344,p_all
223,2018,THEOL-EV-01,Evangelische Theologie,GESM,707,p_all
224,2019,MEDHUM-KT-01,Klinisch-theor. Humanmedizin (einschl.Zahnmedizin),GESM,5603,p_all
225,2019,SB-INGW-10,Wirtschaftsingenieurw. mit ingenieurw. Schwerpunkt,GESW,146,p_all
226,2021,EINR-SOZ-01,Soziale Einrichtungen,GESW,4,p_all
227,2022,SB-KUNSTW-01,"Kunst, Kunstwissenschaft allgemein",GESM,454,p_all
228,2018,SB-SKW-06,Informations- und Bibliothekswissenschaften,GESM,73,p_all
229,2020,HS-VERW-01,Zentrale Hochschulverwaltung,GESM,1474,p_all
230,2020,SF013,Architektur,GESM,1620,p_all
231,2020,SB-RWSW-07,Verwaltungswissenschaften,GESM,1343,p_all
232,2023,SB-NATW-09,Geographie,GESM,1108,p_all
233,2022,KL-EINR-SOZ-01,Soziale Einrichtungen der Kliniken,GESM,4,p_all
234,2023,SB-SKW-01,Geisteswissenschaften allgemein,GESW,536,p_all
235,2019,SB-NATW-01,"Mathematik, Naturwissenschaften allgemein",GESW,276,p_all
236,2023,SB-SKW-04,Philosophie,GESW,661,p_all
237,2021,SB-INGW-02,"Bergbau, Hüttenwesen",GESW,155,p_all
238,2022,MEDHUM-KP-01,Klinisch-prakt. Humanmedizin (ohne Zahnmedizin),GESM,23368,p_all
239,2018,SB-RWSW-11,Erziehungswissenschaften,GESM,2057,p_all
240,2020,MEDVET-KP-01,Klinisch-praktische Veterinärmedizin,GESW,473,p_all
241,2023,MEDVET-ALLG-01,Veterinärmedizin allgemein,GESM,1,p_all
242,2021,SB-SKW-12,"Slawistik, Baltistik, Finno-Ugristik",GESW,271,p_all
243,2020,HRZ-01,Hochschulrechenzentrum,GESM,878,p_all
244,2020,EINR-VERS-01,Zentrale Betriebs- und Versorgungseinrichtungen,GESM,89,p_all
245,2020,SKW-SONST-01,Sonstige Sprach- und Kulturwissenschaften,GESW,778,p_all
246,2018,SB-INGW-10,Wirtschaftsingenieurw. mit ingenieurw. Schwerpunkt,GESW,142,p_all
247,2023,MEDVET-KP-01,Klinisch-praktische Veterinärmedizin,GESW,557,p_all
248,2021,BIB-ZENTRAL-01,Zentralbibliothek,GESM,223,p_all
249,2021,HS-VERW-01,Zentrale Hochschulverwaltung,GESM,1547,p_all
250,2018,MEDVET-VK-01,Vorklinische Veterinärmedizin,GESW,161,p_all
251,2018,EINR-KLFRMD-02,Mit der Klinik verbundene u.klinikfremde Einricht.,GESW,19,p_all
252,2020,SB-RWSW-02,Regionalwissenschaften,GESM,76,p_all
253,2019,SB-NATW-04,"Physik, Astronomie",GESW,2035,p_all
254,2021,SB-INGW-05,"Verkehrstechnik, Nautik",GESW,275,p_all
255,2020,EINR-SONST-01,Übrige Ausbildungseinrichtungen,GESW,322,p_all
256,2019,SB-INGW-08,Bauingenieurwesen,GESW,1247,p_all
257,2020,SB-KUNSTW-03,Gestaltung,GESM,944,p_all
258,2021,MEDVET-ALLG-01,Veterinärmedizin allgemein,GESM,0,p_all
259,2021,SB-INGW-10,Wirtschaftsingenieurw. mit ingenieurw. Schwerpunkt,GESW,173,p_all
260,2020,HS-VERW-02,Zentral verwaltete Hörsäle und Lehrräume,GESM,0,p_all
261,2022,SB-AGRW-03,"Forstwissenschaft, Holzwirtschaft",GESM,408,p_all
262,2019,KL-EINR-SOZ-01,Soziale Einrichtungen der Kliniken,GESM,5,p_all
263,2018,SB-NATW-05,Chemie,GESW,3389,p_all
264,2023,EINR-KLFRMD-02,Mit der Klinik verbundene u.klinikfremde Einricht.,GESM,12,p_all
265,2019,SB-SKW-07,Allg. und vergl. Literatur- und Sprachwissenschaft,GESW,927,p_all
266,2022,SB-SKW-04,Philosophie,GESM,1091,p_all
267,2021,SB-SKW-11,Romanistik,GESW,822,p_all
268,2018,SB-RWSW-07,Verwaltungswissenschaften,GESW,641,p_all
269,2023,SB-INGW-02,"Bergbau, Hüttenwesen",GESW,151,p_all
270,2018,MEDHUM-KP-01,Klinisch-prakt. Humanmedizin (ohne Zahnmedizin),GESW,21835,p_all
271,2021,SB-AGRW-04,Ernährungs- und Haushaltswissenschaften,GESM,262,p_all
272,2019,SB-SKW-19,Medienwissenschaft,GESM,0,p_all
273,2021,SB-NATW-08,Geowissenschaften (ohne Geographie),GESM,2102,p_all
274,2021,AFEW-ALLG-01,"Agrar-, Forst- und Ernährungswissenschaften allg.",GESM,169,p_all
275,2019,MEDHUM-ALLG-01,Humanmedizin allgemein,GESW,322,p_all
276,2019,SB-RWSW-05,Sozialwesen,GESW,1521,p_all
277,2021,SB-KUNSTW-01,"Kunst, Kunstwissenschaft allgemein",GESM,441,p_all
278,2018,FACHGR-RWSW-01,"Rechts-, Wirtschafts- u.Sozialwissenschaften allg.",GESM,686,p_all
279,2020,SB-SKW-11,Romanistik,GESW,835,p_all
280,2023,SB-SKW-06,Informations- und Bibliothekswissenschaften,GESW,86,p_all
281,2022,LB-RW-01,Rechtswissenschaften,GESM,3586,p_all
282,2021,SB-KUNSTW-02,Bildende Kunst,GESM,436,p_all
283,2022,SB-INGW-03,Maschinenbau/Verfahrenstechnik,GESW,3423,p_all
284,2020,SB-NATW-01,"Mathematik, Naturwissenschaften allgemein",GESM,620,p_all
285,2019,SB-RWSW-11,Erziehungswissenschaften,GESW,4089,p_all
286,2020,SB-SKW-19,Medienwissenschaft,GESW,281,p_all
287,2020,SB-SKW-05,Geschichte,GESM,1866,p_all
288,2022,SB-NATW-06,Pharmazie,GESM,1053,p_all
289,2018,SB-RWSW-11,Erziehungswissenschaften,GESW,3912,p_all
290,2019,SB-RWSW-10,Psychologie,GESW,3279,p_all
291,2018,SB-SKW-11,Romanistik,GESW,841,p_all
292,2022,SB-KUNSTW-02,Bildende Kunst,GESW,396,p_all
293,2019,LB-RW-01,Rechtswissenschaften,GESM,3502,p_all
294,2022,SB-NATW-07,Biologie,GESM,4960,p_all
295,2023,SB-SKW-19,Medienwissenschaft,GESW,324,p_all
296,2019,SB-SKW-06,Informations- und Bibliothekswissenschaften,GESW,81,p_all
297,2018,SB-SKW-12,"Slawistik, Baltistik, Finno-Ugristik",GESW,311,p_all
298,2020,THEOL-EV-01,Evangelische Theologie,GESM,691,p_all
299,2021,MEDVET-KT-01,Klinisch-theoretische Veterinärmedizin,GESW,389,p_all
300,2021,EINR-SONST-01,Übrige Ausbildungseinrichtungen,GESW,313,p_all
301,2023,SB-RWSW-08,Wirtschaftswissenschaften,GESW,6020,p_all
302,2022,SB-SKW-10,"Anglistik, Amerikanistik",GESM,712,p_all
303,2022,SB-KUNSTW-01,"Kunst, Kunstwissenschaft allgemein",GESW,824,p_all
304,2020,SB-MEDHUM-01,Gesundheitswissenschaften,GESW,1339,p_all
305,2020,SB-KUNSTW-04,"Darstellende Kunst, Film u.Fernsehen, Theaterwiss.",GESM,387,p_all
306,2020,HS-01,Hochschule insgesamt,GESW,370,p_all
307,2023,SB-NATW-06,Pharmazie,GESM,1027,p_all
308,2022,SB-INGW-04,Elektro- und Informationstechnik,GESW,1509,p_all
309,2018,SB-INGW-09,Vermessungswesen,GESW,148,p_all
310,2022,THEOL-EV-01,Evangelische Theologie,GESM,659,p_all
311,2020,MEDHUM-KT-01,Klinisch-theor. Humanmedizin (einschl.Zahnmedizin),GESW,6316,p_all
312,2019,SB-KUNSTW-05,"Musik, Musikwissenschaft",GESM,2033,p_all
313,2022,EINR-SONST-01,Übrige Ausbildungseinrichtungen,GESW,339,p_all
314,2020,SB-SKW-04,Philosophie,GESM,1107,p_all
315,2018,SB-RWSW-12,Kommunikationswissenschaft/Publizistik,GESW,0,p_all
316,2023,SB-RWSW-09,Wirtschaftsingenieurw. mit wirtschaftsw. Schwerp.,GESW,235,p_all
317,2021,SB-SKW-10,"Anglistik, Amerikanistik",GESM,708,p_all
318,2018,LB-RW-01,Rechtswissenschaften,GESW,2007,p_all
319,2023,MEDVET-VK-01,Vorklinische Veterinärmedizin,GESW,187,p_all
320,2023,SB-NATW-05,Chemie,GESM,7050,p_all
321,2018,MEDZN-KP-01,Zahnmedizin (klinisch-praktisch),GESM,1084,p_all
322,2021,HS-VERW-02,Zentral verwaltete Hörsäle und Lehrräume,GESM,0,p_all
323,2021,SB-SKW-19,Medienwissenschaft,GESM,312,p_all
324,2022,SB-AGRW-04,Ernährungs- und Haushaltswissenschaften,GESM,218,p_all
325,2019,SB-INGW-07,Raumplanung,GESW,347,p_all
326,2021,LB-RW-01,Rechtswissenschaften,GESM,3576,p_all
327,2018,BIB-ZENTRAL-01,Zentralbibliothek,GESW,224,p_all
328,2019,MEDVET-ALLG-01,Veterinärmedizin allgemein,GESM,3,p_all
329,2020,SB-NATW-08,Geowissenschaften (ohne Geographie),GESM,2079,p_all
330,2020,SB-SKW-12,"Slawistik, Baltistik, Finno-Ugristik",GESW,287,p_all
331,2018,MEDHUM-VK-01,Vorklinische Humanmedizin (einschl. Zahnmedizin),GESW,2228,p_all
332,2021,SB-AGRW-03,"Forstwissenschaft, Holzwirtschaft",GESM,468,p_all
333,2019,SB-SKW-11,Romanistik,GESM,420,p_all
334,2022,HS-VERW-01,Zentrale Hochschulverwaltung,GESM,1705,p_all
335,2023,SB-AGRW-03,"Forstwissenschaft, Holzwirtschaft",GESM,391,p_all
336,2019,SB-INGW-09,Vermessungswesen,GESW,165,p_all
337,2019,SF013,Architektur,GESM,1620,p_all
338,2018,SB-INGW-12,Informatik,GESM,8781,p_all
339,2022,SB-AGRW-02,"Agrarwissensch., Lebensmittel- u. Getränketechnik",GESM,1402,p_all
340,2020,SB-SKW-10,"Anglistik, Amerikanistik",GESW,1303,p_all
341,2023,SB-INGW-03,Maschinenbau/Verfahrenstechnik,GESW,3490,p_all
342,2021,SB-NATW-09,Geographie,GESM,1046,p_all
343,2023,BIB-ZENTRAL-01,Zentralbibliothek,GESM,205,p_all
344,2023,SB-MEDHUM-01,Gesundheitswissenschaften,GESM,900,p_all
345,2022,SB-NATW-05,Chemie,GESM,7139,p_all
346,2020,SB-SKW-18,Islamische Studien/Islamische Theologie,GESW,64,p_all
347,2020,EINR-WISS-01,Zentrale wissenschaftliche Einrichtungen,GESM,3832,p_all
348,2019,SB-INGW-10,Wirtschaftsingenieurw. mit ingenieurw. Schwerpunkt,GESM,384,p_all
349,2023,THEOL-KT-01,Katholische Theologie,GESM,562,p_all
350,2023,SB-INGW-04,Elektro- und Informationstechnik,GESW,1618,p_all
351,2020,MEDVET-KT-01,Klinisch-theoretische Veterinärmedizin,GESM,229,p_all
352,2018,MEDVET-KP-01,Klinisch-praktische Veterinärmedizin,GESW,435,p_all
353,2019,SB-INGW-12,Informatik,GESM,8958,p_all
354,2021,THEOL-KT-01,Katholische Theologie,GESM,587,p_all
355,2021,SB-NATW-07,Biologie,GESM,5017,p_all
356,2022,FACHGR-RWSW-01,"Rechts-, Wirtschafts- u.Sozialwissenschaften allg.",GESW,389,p_all
357,2023,SB-AGRW-02,"Agrarwissensch., Lebensmittel- u. Getränketechnik",GESM,1400,p_all
358,2021,SB-NATW-06,Pharmazie,GESM,1038,p_all
359,2019,SB-SKW-10,"Anglistik, Amerikanistik",GESM,712,p_all
360,2018,KL-EINR-AUSB-01,Übrige Ausbildungseinrichtungen der Kliniken,GESM,17,p_all
361,2021,SB-SKW-18,Islamische Studien/Islamische Theologie,GESM,91,p_all
362,2021,SB-SKW-17,Sonderpädagogik,GESM,0,p_all
363,2021,EINR-KLFRMD-02,Mit der Klinik verbundene u.klinikfremde Einricht.,GESM,22,p_all
364,2020,SB-NATW-09,Geographie,GESM,1096,p_all
365,2019,SB-INGW-11,Materialwissenschaft und Werkstofftechnik,GESM,1526,p_all
366,2023,SB-AGRW-01,"Landespflege, Umweltgestaltung",GESM,262,p_all
367,2021,SB-INGW-12,Informatik,GESW,2472,p_all
368,2020,SB-KUNSTW-01,"Kunst, Kunstwissenschaft allgemein",GESM,462,p_all
369,2023,SB-RWSW-11,Erziehungswissenschaften,GESW,4535,p_all
370,2019,HS-VERW-02,Zentral verwaltete Hörsäle und Lehrräume,GESM,0,p_all
371,2018,SB-INGW-03,Maschinenbau/Verfahrenstechnik,GESW,3004,p_all
372,2021,SB-AGRW-02,"Agrarwissensch., Lebensmittel- u. Getränketechnik",GESM,1556,p_all
373,2018,SB-KUNSTW-01,"Kunst, Kunstwissenschaft allgemein",GESM,506,p_all
374,2019,SKW-SONST-01,Sonstige Sprach- und Kulturwissenschaften,GESM,726,p_all
375,2019,SB-SKW-09,"Germanistik (Deutsch, germ. Sprachen o. Anglistik)",GESW,2188,p_all
376,2023,SB-INGW-09,Vermessungswesen,GESW,208,p_all
377,2020,SB-NATW-07,Biologie,GESM,5063,p_all
378,2022,FACHGR-INGW-01,Ingenieurwissenschaften allgemein,GESW,721,p_all
379,2018,PHIL-KLASS-01,Altphilologie (klassische Philologie),GESM,303,p_all
380,2020,SB-SKW-17,Sonderpädagogik,GESW,0,p_all
381,2018,HS-01,Hochschule insgesamt,GESW,372,p_all
382,2018,HRZ-01,Hochschulrechenzentrum,GESW,196,p_all
383,2022,MEDZN-KP-01,Zahnmedizin (klinisch-praktisch),GESM,1083,p_all
384,2021,SB-NATW-01,"Mathematik, Naturwissenschaften allgemein",GESM,593,p_all
385,2019,SB-RWSW-03,Politikwissenschaft,GESW,741,p_all
386,2019,SB-SKW-12,"Slawistik, Baltistik, Finno-Ugristik",GESM,166,p_all
387,2018,SB-SKW-18,Islamische Studien/Islamische Theologie,GESW,57,p_all
388,2019,PHIL-KLASS-01,Altphilologie (klassische Philologie),GESM,297,p_all
389,2018,SB-INGW-07,Raumplanung,GESW,310,p_all
390,2021,FACHGR-INGW-01,Ingenieurwissenschaften allgemein,GESW,707,p_all
391,2018,SB-RWSW-09,Wirtschaftsingenieurw. mit wirtschaftsw. Schwerp.,GESW,207,p_all
392,2018,SB-SKW-10,"Anglistik, Amerikanistik",GESW,1243,p_all
393,2022,EINR-HSFRMD-02,Mit der Hochschule verb. u. hochschulfr. Einricht.,GESW,112,p_all
394,2019,SB-INGW-02,"Bergbau, Hüttenwesen",GESW,138,p_all
395,2021,MEDZN-KP-01,Zahnmedizin (klinisch-praktisch),GESM,1079,p_all
396,2022,SB-AGRW-01,"Landespflege, Umweltgestaltung",GESM,247,p_all
397,2020,SB-RWSW-10,Psychologie,GESW,3302,p_all
398,2021,KL-EINR-AUSB-01,Übrige Ausbildungseinrichtungen der Kliniken,GESW,153,p_all
399,2019,BIB-ZENTRAL-01,Zentralbibliothek,GESW,229,p_all
400,2023,EINR-SONST-01,Übrige Ausbildungseinrichtungen,GESM,221,p_all
401,2023,SB-INGW-10,Wirtschaftsingenieurw. mit ingenieurw. Schwerpunkt,GESW,185,p_all
402,2021,EINR-HSFRMD-02,Mit der Hochschule verb. u. hochschulfr. Einricht.,GESW,120,p_all
403,2019,MEDVET-VK-01,Vorklinische Veterinärmedizin,GESW,161,p_all
404,2020,SB-NATW-02,Mathematik,GESM,4396,p_all
405,2019,SB-SKW-04,Philosophie,GESW,592,p_all
406,2018,SB-RWSW-04,Sozialwissenschaften/Soziologie,GESW,1564,p_all
407,2023,LB-RW-01,Rechtswissenschaften,GESW,2223,p_all
408,2022,MEDHUM-ALLG-01,Humanmedizin allgemein,GESW,658,p_all
409,2020,SB-RWSW-11,Erziehungswissenschaften,GESW,4316,p_all
410,2019,SB-SKW-05,Geschichte,GESW,1459,p_all
411,2022,HS-01,Hochschule insgesamt,GESM,360,p_all
412,2023,FACHGR-RWSW-01,"Rechts-, Wirtschafts- u.Sozialwissenschaften allg.",GESW,395,p_all
413,2018,SB-INGW-08,Bauingenieurwesen,GESW,1192,p_all
414,2018,EINR-SONST-01,Übrige Ausbildungseinrichtungen,GESW,318,p_all
415,2019,THEOL-KT-01,Katholische Theologie,GESM,602,p_all
416,2021,SB-KUNSTW-03,Gestaltung,GESM,994,p_all
417,2022,MEDVET-KT-01,Klinisch-theoretische Veterinärmedizin,GESW,361,p_all
418,2020,SB-AGRW-03,"Forstwissenschaft, Holzwirtschaft",GESM,459,p_all
419,2023,SB-KUNSTW-02,Bildende Kunst,GESW,413,p_all
420,2022,SB-INGW-11,Materialwissenschaft und Werkstofftechnik,GESW,520,p_all
421,2020,KL-EINR-AUSB-01,Übrige Ausbildungseinrichtungen der Kliniken,GESM,30,p_all
422,2018,SB-KUNSTW-05,"Musik, Musikwissenschaft",GESM,2019,p_all
423,2019,KL-ZD-01,"Kliniken insgesamt, Zentrale Dienste",GESW,793,p_all
424,2022,SB-INGW-10,Wirtschaftsingenieurw. mit ingenieurw. Schwerpunkt,GESW,184,p_all
425,2023,SB-SKW-18,Islamische Studien/Islamische Theologie,GESW,63,p_all
426,2020,SB-AGRW-04,Ernährungs- und Haushaltswissenschaften,GESM,234,p_all
427,2021,SB-KUNSTW-04,"Darstellende Kunst, Film u.Fernsehen, Theaterwiss.",GESM,390,p_all
428,2019,SB-SKW-17,Sonderpädagogik,GESM,0,p_all
429,2023,SB-SKW-17,Sonderpädagogik,GESW,0,p_all
430,2018,SB-SKW-14,Kulturwissenschaften i.e.S.,GESW,344,p_all
431,2023,SB-KUNSTW-01,"Kunst, Kunstwissenschaft allgemein",GESW,828,p_all
432,2021,SB-RWSW-10,Psychologie,GESW,3500,p_all
433,2021,SB-AGRW-01,"Landespflege, Umweltgestaltung",GESM,306,p_all
434,2018,SB-RWSW-05,Sozialwesen,GESW,1431,p_all
435,2019,HS-01,Hochschule insgesamt,GESW,382,p_all
436,2020,SB-KUNSTW-05,"Musik, Musikwissenschaft",GESM,2069,p_all
437,2022,MEDVET-VK-01,Vorklinische Veterinärmedizin,GESW,189,p_all
438,2018,SB-INGW-04,Elektro- und Informationstechnik,GESW,1162,p_all
439,2019,EINR-SONST-01,Übrige Ausbildungseinrichtungen,GESW,327,p_all
440,2023,SB-RWSW-10,Psychologie,GESW,3797,p_all
441,2021,MEDHUM-ALLG-01,Humanmedizin allgemein,GESW,858,p_all
442,2020,SB-INGW-10,Wirtschaftsingenieurw. mit ingenieurw. Schwerpunkt,GESW,138,p_all
443,2019,MEDVET-KP-01,Klinisch-praktische Veterinärmedizin,GESW,444,p_all
444,2020,SB-KUNSTW-02,Bildende Kunst,GESM,440,p_all
445,2023,HS-01,Hochschule insgesamt,GESM,374,p_all
446,2019,SB-INGW-05,"Verkehrstechnik, Nautik",GESW,223,p_all
447,2021,SB-SKW-07,Allg. und vergl. Literatur- und Sprachwissenschaft,GESW,1026,p_all
448,2023,SB-RWSW-12,Kommunikationswissenschaft/Publizistik,GESW,434,p_all
449,2018,THEOL-KT-01,Katholische Theologie,GESM,618,p_all
450,2019,MEDVET-KT-01,Klinisch-theoretische Veterinärmedizin,GESW,370,p_all
451,2021,EINR-WISS-01,Zentrale wissenschaftliche Einrichtungen,GESM,4044,p_all
452,2020,MEDHUM-VK-01,Vorklinische Humanmedizin (einschl. Zahnmedizin),GESW,2323,p_all
453,2019,SB-SKW-18,Islamische Studien/Islamische Theologie,GESM,94,p_all
454,2019,SB-INGW-03,Maschinenbau/Verfahrenstechnik,GESW,3092,p_all
455,2023,SB-SKW-12,"Slawistik, Baltistik, Finno-Ugristik",GESW,286,p_all
456,2022,SB-RWSW-11,Erziehungswissenschaften,GESW,4502,p_all
457,2019,SB-SKW-01,Geisteswissenschaften allgemein,GESW,743,p_all
458,2022,AFEW-ALLG-01,"Agrar-, Forst- und Ernährungswissenschaften allg.",GESM,478,p_all
459,2020,SB-AGRW-02,"Agrarwissensch., Lebensmittel- u. Getränketechnik",GESM,1568,p_all
460,2019,SB-RWSW-04,Sozialwissenschaften/Soziologie,GESW,1600,p_all
461,2023,MEDZN-KP-01,Zahnmedizin (klinisch-praktisch),GESM,1093,p_all
462,2018,SB-SKW-17,Sonderpädagogik,GESW,0,p_all
463,2020,LB-RW-01,Rechtswissenschaften,GESW,2077,p_all
464,2020,MEDZN-KP-01,Zahnmedizin (klinisch-praktisch),GESM,1110,p_all
465,2023,SKW-SONST-01,Sonstige Sprach- und Kulturwissenschaften,GESM,767,p_all
466,2023,EINR-HSFRMD-02,Mit der Hochschule verb. u. hochschulfr. Einricht.,GESW,110,p_all
467,2023,SB-SKW-14,Kulturwissenschaften i.e.S.,GESW,337,p_all
468,2022,SB-SKW-05,Geschichte,GESM,1805,p_all
469,2018,SB-RWSW-08,Wirtschaftswissenschaften,GESW,5330,p_all
470,2021,SB-INGW-11,Materialwissenschaft und Werkstofftechnik,GESW,490,p_all
471,2021,SB-SKW-09,"Germanistik (Deutsch, germ. Sprachen o. Anglistik)",GESW,2293,p_all
472,2019,EINR-KLFRMD-02,Mit der Klinik verbundene u.klinikfremde Einricht.,GESW,13,p_all
473,2021,KL-ZD-01,"Kliniken insgesamt, Zentrale Dienste",GESW,1357,p_all
474,2022,SB-SKW-07,Allg. und vergl. Literatur- und Sprachwissenschaft,GESM,638,p_all
475,2019,SB-RWSW-07,Verwaltungswissenschaften,GESW,710,p_all
476,2018,EINR-WISS-01,Zentrale wissenschaftliche Einrichtungen,GESM,3546,p_all
477,2021,SB-SKW-04,Philosophie,GESW,650,p_all
478,2022,MEDVET-KP-01,Klinisch-praktische Veterinärmedizin,GESW,531,p_all
479,2022,SB-SKW-06,Informations- und Bibliothekswissenschaften,GESM,79,p_all
480,2019,EINR-VERS-01,Zentrale Betriebs- und Versorgungseinrichtungen,GESM,89,p_all
481,2022,EINR-VERS-01,Zentrale Betriebs- und Versorgungseinrichtungen,GESM,101,p_all
482,2018,SB-SKW-19,Medienwissenschaft,GESW,0,p_all
483,2021,SB-SKW-05,Geschichte,GESW,1480,p_all
484,2022,SB-RWSW-12,Kommunikationswissenschaft/Publizistik,GESW,413,p_all
485,2018,SF013,Architektur,GESM,1627,p_all
486,2023,SB-SKW-11,Romanistik,GESW,793,p_all
487,2019,SB-RWSW-09,Wirtschaftsingenieurw. mit wirtschaftsw. Schwerp.,GESW,222,p_all
488,2021,SB-SKW-06,Informations- und Bibliothekswissenschaften,GESW,95,p_all
489,2020,SB-INGW-12,Informatik,GESW,2223,p_all
490,2023,FACHGR-INGW-01,Ingenieurwissenschaften allgemein,GESW,698,p_all
491,2019,SB-RWSW-08,Wirtschaftswissenschaften,GESW,5482,p_all
492,2022,SB-SKW-09,"Germanistik (Deutsch, germ. Sprachen o. Anglistik)",GESM,1351,p_all
493,2023,KL-EINR-AUSB-01,Übrige Ausbildungseinrichtungen der Kliniken,GESM,53,p_all
494,2020,SB-INGW-11,Materialwissenschaft und Werkstofftechnik,GESW,435,p_all
495,2018,SB-INGW-02,"Bergbau, Hüttenwesen",GESW,136,p_all
496,2023,SB-SKW-10,"Anglistik, Amerikanistik",GESW,1333,p_all
497,2023,EINR-HSFRMD-02,Mit der Hochschule verb. u. hochschulfr. Einricht.,GESM,136,p_all
498,2021,SB-RWSW-10,Psychologie,GESM,2203,p_all
499,2020,KL-ZD-01,"Kliniken insgesamt, Zentrale Dienste",GESW,949,p_all
500,2020,MEDZN-KP-01,Zahnmedizin (klinisch-praktisch),GESW,995,p_all
501,2018,SB-INGW-05,"Verkehrstechnik, Nautik",GESW,206,p_all
502,2022,SB-INGW-08,Bauingenieurwesen,GESW,1326,p_all
503,2022,PHIL-KLASS-01,Altphilologie (klassische Philologie),GESM,277,p_all
504,2018,EINR-HSFRMD-02,Mit der Hochschule verb. u. hochschulfr. Einricht.,GESW,122,p_all
505,2023,MEDVET-KT-01,Klinisch-theoretische Veterinärmedizin,GESW,368,p_all
506,2023,SB-RWSW-04,Sozialwissenschaften/Soziologie,GESW,1711,p_all
507,2023,EINR-WISS-01,Zentrale wissenschaftliche Einrichtungen,GESM,4119,p_all
508,2018,SB-SKW-01,Geisteswissenschaften allgemein,GESM,714,p_all
509,2023,SB-INGW-10,Wirtschaftsingenieurw. mit ingenieurw. Schwerpunkt,GESM,479,p_all
510,2019,SB-INGW-04,Elektro- und Informationstechnik,GESW,1232,p_all
511,2018,HS-VERW-01,Zentrale Hochschulverwaltung,GESM,1453,p_all
512,2021,SB-INGW-09,Vermessungswesen,GESW,186,p_all
513,2020,SB-RWSW-08,Wirtschaftswissenschaften,GESW,5758,p_all
514,2020,SB-NATW-05,Chemie,GESM,7456,p_all
515,2019,SB-RWSW-08,Wirtschaftswissenschaften,GESM,10867,p_all
516,2022,SB-INGW-11,Materialwissenschaft und Werkstofftechnik,GESM,1439,p_all
517,2018,EINR-VERS-01,Zentrale Betriebs- und Versorgungseinrichtungen,GESW,104,p_all
518,2018,SB-RWSW-02,Regionalwissenschaften,GESW,86,p_all
519,2019,SB-KUNSTW-01,"Kunst, Kunstwissenschaft allgemein",GESM,506,p_all
520,2023,SB-KUNSTW-02,Bildende Kunst,GESM,440,p_all
521,2020,SB-AGRW-01,"Landespflege, Umweltgestaltung",GESM,305,p_all
522,2021,SB-SKW-14,Kulturwissenschaften i.e.S.,GESM,237,p_all
523,2018,SB-KUNSTW-05,"Musik, Musikwissenschaft",GESW,1049,p_all
524,2019,KL-ZD-01,"Kliniken insgesamt, Zentrale Dienste",GESM,620,p_all
525,2023,SB-NATW-01,"Mathematik, Naturwissenschaften allgemein",GESM,592,p_all
526,2019,AFEW-ALLG-01,"Agrar-, Forst- und Ernährungswissenschaften allg.",GESM,102,p_all
527,2018,SB-KUNSTW-04,"Darstellende Kunst, Film u.Fernsehen, Theaterwiss.",GESW,386,p_all
528,2018,SB-NATW-09,Geographie,GESW,678,p_all
529,2019,SB-SKW-14,Kulturwissenschaften i.e.S.,GESM,252,p_all
530,2020,SB-NATW-04,"Physik, Astronomie",GESM,9038,p_all
531,2020,SB-SKW-14,Kulturwissenschaften i.e.S.,GESM,226,p_all
532,2023,SB-KUNSTW-03,Gestaltung,GESM,983,p_all
533,2018,SB-RWSW-03,Politikwissenschaft,GESW,713,p_all
534,2022,MEDVET-ALLG-01,Veterinärmedizin allgemein,GESM,1,p_all
535,2022,KL-EINR-SOZ-01,Soziale Einrichtungen der Kliniken,GESW,6,p_all
536,2019,SB-NATW-08,Geowissenschaften (ohne Geographie),GESW,1008,p_all
537,2019,THEOL-EV-01,Evangelische Theologie,GESW,473,p_all
538,2019,EINR-SOZ-01,Soziale Einrichtungen,GESW,13,p_all
539,2020,SB-RWSW-07,Verwaltungswissenschaften,GESW,739,p_all
540,2021,THEOL-EV-01,Evangelische Theologie,GESM,664,p_all
541,2019,SB-RWSW-02,Regionalwissenschaften,GESW,86,p_all
542,2023,SB-INGW-11,Materialwissenschaft und Werkstofftechnik,GESM,1389,p_all
543,2018,HS-VERW-02,Zentral verwaltete Hörsäle und Lehrräume,GESM,1,p_all
544,2020,MEDVET-VK-01,Vorklinische Veterinärmedizin,GESW,178,p_all
545,2019,FACHGR-RWSW-01,"Rechts-, Wirtschafts- u.Sozialwissenschaften allg.",GESW,640,p_all
546,2023,MEDHUM-KT-01,Klinisch-theor. Humanmedizin (einschl.Zahnmedizin),GESW,7084,p_all
547,2018,SB-RWSW-09,Wirtschaftsingenieurw. mit wirtschaftsw. Schwerp.,GESM,646,p_all
548,2021,SB-KUNSTW-05,"Musik, Musikwissenschaft",GESM,2105,p_all
549,2022,SB-SKW-01,Geisteswissenschaften allgemein,GESM,398,p_all
550,2022,SB-INGW-09,Vermessungswesen,GESW,189,p_all
551,2023,SB-NATW-02,Mathematik,GESM,4377,p_all
552,2022,SB-SKW-09,"Germanistik (Deutsch, germ. Sprachen o. Anglistik)",GESW,2232,p_all
553,2023,SB-SKW-01,Geisteswissenschaften allgemein,GESM,403,p_all
554,2021,SB-INGW-08,Bauingenieurwesen,GESW,1338,p_all
555,2021,MEDVET-KP-01,Klinisch-praktische Veterinärmedizin,GESW,510,p_all
556,2022,EINR-VERS-01,Zentrale Betriebs- und Versorgungseinrichtungen,GESW,129,p_all
557,2020,PHIL-KLASS-01,Altphilologie (klassische Philologie),GESM,283,p_all
558,2020,SB-SKW-09,"Germanistik (Deutsch, germ. Sprachen o. Anglistik)",GESW,2208,p_all
559,2019,SB-RWSW-07,Verwaltungswissenschaften,GESM,1292,p_all
560,2019,HS-VERW-01,Zentrale Hochschulverwaltung,GESM,1429,p_all
561,2023,AFEW-ALLG-01,"Agrar-, Forst- und Ernährungswissenschaften allg.",GESM,478,p_all
562,2023,SB-KUNSTW-01,"Kunst, Kunstwissenschaft allgemein",GESM,429,p_all
563,2019,SB-NATW-09,Geographie,GESW,762,p_all
564,2023,SF013,Architektur,GESW,1162,p_all
565,2020,MEDVET-KP-01,Klinisch-praktische Veterinärmedizin,GESM,205,p_all
566,2018,KL-ZD-01,"Kliniken insgesamt, Zentrale Dienste",GESM,596,p_all
567,2020,SB-NATW-06,Pharmazie,GESM,1003,p_all
568,2018,SB-INGW-10,Wirtschaftsingenieurw. mit ingenieurw. Schwerpunkt,GESM,359,p_all
569,2021,SB-NATW-02,Mathematik,GESM,4424,p_all
570,2023,THEOL-EV-01,Evangelische Theologie,GESW,514,p_all
571,2020,SB-SKW-01,Geisteswissenschaften allgemein,GESM,434,p_all
572,2020,FACHGR-INGW-01,Ingenieurwissenschaften allgemein,GESW,641,p_all
573,2022,SB-INGW-07,Raumplanung,GESW,401,p_all
574,2022,SB-INGW-12,Informatik,GESM,10206,p_all
575,2019,SB-RWSW-09,Wirtschaftsingenieurw. mit wirtschaftsw. Schwerp.,GESM,644,p_all
576,2022,HRZ-01,Hochschulrechenzentrum,GESW,252,p_all
577,2020,KL-EINR-SOZ-01,Soziale Einrichtungen der Kliniken,GESM,7,p_all
578,2021,SB-NATW-04,"Physik, Astronomie",GESM,9165,p_all
579,2023,SB-INGW-05,"Verkehrstechnik, Nautik",GESW,332,p_all
580,2023,SB-SKW-14,Kulturwissenschaften i.e.S.,GESM,221,p_all
581,2021,SB-INGW-11,Materialwissenschaft und Werkstofftechnik,GESM,1457,p_all
582,2023,HS-VERW-01,Zentrale Hochschulverwaltung,GESM,1682,p_all
583,2023,SB-SKW-12,"Slawistik, Baltistik, Finno-Ugristik",GESM,156,p_all
584,2022,SB-INGW-10,Wirtschaftsingenieurw. mit ingenieurw. Schwerpunkt,GESM,462,p_all
585,2023,HS-VERW-02,Zentral verwaltete Hörsäle und Lehrräume,GESM,0,p_all
586,2021,HRZ-01,Hochschulrechenzentrum,GESW,242,p_all
587,2023,SB-INGW-08,Bauingenieurwesen,GESW,1330,p_all
588,2018,THEOL-KT-01,Katholische Theologie,GESW,326,p_all
589,2023,MEDHUM-KP-01,Klinisch-prakt. Humanmedizin (ohne Zahnmedizin),GESM,23696,p_all
590,2020,THEOL-KT-01,Katholische Theologie,GESM,603,p_all
591,2022,MEDVET-KT-01,Klinisch-theoretische Veterinärmedizin,GESM,236,p_all
592,2021,EINR-VERS-01,Zentrale Betriebs- und Versorgungseinrichtungen,GESM,97,p_all
593,2023,EINR-VERS-01,Zentrale Betriebs- und Versorgungseinrichtungen,GESM,102,p_all
594,2019,EINR-WISS-01,Zentrale wissenschaftliche Einrichtungen,GESM,3645,p_all
595,2022,SB-NATW-01,"Mathematik, Naturwissenschaften allgemein",GESM,581,p_all
596,2022,SB-NATW-02,Mathematik,GESM,4450,p_all
597,2019,SB-SKW-01,Geisteswissenschaften allgemein,GESM,771,p_all
598,2021,SB-NATW-05,Chemie,GESM,7396,p_all
599,2018,SKW-SONST-01,Sonstige Sprach- und Kulturwissenschaften,GESW,719,p_all
600,2021,SB-INGW-12,Informatik,GESM,10017,p_all
601,2023,SB-INGW-07,Raumplanung,GESW,372,p_all
602,2020,HRZ-01,Hochschulrechenzentrum,GESW,217,p_all
603,2022,KL-ZD-01,"Kliniken insgesamt, Zentrale Dienste",GESW,1363,p_all
604,2021,SKW-SONST-01,Sonstige Sprach- und Kulturwissenschaften,GESM,728,p_all
605,2019,SB-NATW-06,Pharmazie,GESW,733,p_all
606,2022,SB-RWSW-03,Politikwissenschaft,GESW,967,p_all
607,2019,HRZ-01,Hochschulrechenzentrum,GESM,856,p_all
608,2023,SB-NATW-09,Geographie,GESW,839,p_all
609,2019,SB-INGW-09,Vermessungswesen,GESM,451,p_all
610,2021,HS-01,Hochschule insgesamt,GESM,365,p_all
611,2022,HS-VERW-02,Zentral verwaltete Hörsäle und Lehrräume,GESM,0,p_all
612,2018,SB-AGRW-04,Ernährungs- und Haushaltswissenschaften,GESW,370,p_all
613,2018,SB-INGW-11,Materialwissenschaft und Werkstofftechnik,GESM,1461,p_all
614,2023,EINR-SOZ-01,Soziale Einrichtungen,GESW,9,p_all
615,2021,EINR-SONST-01,Übrige Ausbildungseinrichtungen,GESM,219,p_all
616,2022,EINR-KLFRMD-02,Mit der Klinik verbundene u.klinikfremde Einricht.,GESW,23,p_all
617,2022,SB-NATW-04,"Physik, Astronomie",GESM,9074,p_all
618,2018,LB-RW-01,Rechtswissenschaften,GESM,3486,p_all
619,2020,SB-INGW-08,Bauingenieurwesen,GESW,1263,p_all
620,2021,SF013,Architektur,GESW,1119,p_all
621,2018,SB-NATW-07,Biologie,GESW,4551,p_all
622,2018,SB-SKW-09,"Germanistik (Deutsch, germ. Sprachen o. Anglistik)",GESW,2173,p_all
623,2020,AFEW-ALLG-01,"Agrar-, Forst- und Ernährungswissenschaften allg.",GESM,158,p_all
624,2021,MEDHUM-KP-01,Klinisch-prakt. Humanmedizin (ohne Zahnmedizin),GESW,24687,p_all
625,2019,SB-RWSW-12,Kommunikationswissenschaft/Publizistik,GESW,0,p_all
626,2020,HS-VERW-01,Zentrale Hochschulverwaltung,GESW,2027,p_all
627,2019,SB-KUNSTW-03,Gestaltung,GESM,917,p_all
628,2020,SB-INGW-03,Maschinenbau/Verfahrenstechnik,GESM,14010,p_all
629,2019,KL-EINR-AUSB-01,Übrige Ausbildungseinrichtungen der Kliniken,GESM,16,p_all
630,2019,MEDHUM-VK-01,Vorklinische Humanmedizin (einschl. Zahnmedizin),GESW,2230,p_all
631,2018,SB-NATW-01,"Mathematik, Naturwissenschaften allgemein",GESM,466,p_all
632,2020,EINR-KLFRMD-02,Mit der Klinik verbundene u.klinikfremde Einricht.,GESM,23,p_all
633,2020,SB-INGW-02,"Bergbau, Hüttenwesen",GESM,402,p_all
634,2020,SB-RWSW-05,Sozialwesen,GESW,1640,p_all
635,2018,FACHGR-INGW-01,Ingenieurwissenschaften allgemein,GESM,1650,p_all
636,2023,SB-KUNSTW-04,"Darstellende Kunst, Film u.Fernsehen, Theaterwiss.",GESM,382,p_all
637,2018,SB-NATW-08,Geowissenschaften (ohne Geographie),GESW,996,p_all
638,2022,SB-KUNSTW-03,Gestaltung,GESW,768,p_all
639,2020,HS-VERW-02,Zentral verwaltete Hörsäle und Lehrräume,GESW,0,p_all
640,2022,SB-SKW-11,Romanistik,GESM,426,p_all
641,2019,SB-KUNSTW-04,"Darstellende Kunst, Film u.Fernsehen, Theaterwiss.",GESM,385,p_all
642,2019,SB-SKW-10,"Anglistik, Amerikanistik",GESW,1280,p_all
643,2018,SB-KUNSTW-03,Gestaltung,GESW,607,p_all
644,2022,SB-INGW-05,"Verkehrstechnik, Nautik",GESW,308,p_all
645,2018,SB-NATW-02,Mathematik,GESM,4618,p_all
646,2021,SB-RWSW-04,Sozialwissenschaften/Soziologie,GESW,1733,p_all
647,2021,SB-SKW-12,"Slawistik, Baltistik, Finno-Ugristik",GESM,147,p_all
648,2020,SB-INGW-09,Vermessungswesen,GESW,158,p_all
649,2018,MEDVET-ALLG-01,Veterinärmedizin allgemein,GESM,4,p_all
650,2023,SB-INGW-12,Informatik,GESM,10600,p_all
651,2021,SB-MEDHUM-01,Gesundheitswissenschaften,GESW,1430,p_all
652,2021,EINR-SOZ-01,Soziale Einrichtungen,GESM,11,p_all
653,2021,MEDHUM-KT-01,Klinisch-theor. Humanmedizin (einschl.Zahnmedizin),GESW,6544,p_all
654,2021,SB-KUNSTW-01,"Kunst, Kunstwissenschaft allgemein",GESW,804,p_all
655,2022,EINR-WISS-01,Zentrale wissenschaftliche Einrichtungen,GESW,4229,p_all
656,2022,SF013,Architektur,GESW,1109,p_all
657,2023,SB-NATW-04,"Physik, Astronomie",GESM,9132,p_all
658,2018,SB-KUNSTW-02,Bildende Kunst,GESW,321,p_all
659,2021,SB-SKW-11,Romanistik,GESM,445,p_all
660,2019,SB-NATW-07,Biologie,GESW,4660,p_all
661,2019,SB-MEDHUM-01,Gesundheitswissenschaften,GESW,1269,p_all
662,2019,MEDHUM-KT-01,Klinisch-theor. Humanmedizin (einschl.Zahnmedizin),GESW,5687,p_all
663,2023,KL-EINR-SOZ-01,Soziale Einrichtungen der Kliniken,GESM,25,p_all
664,2018,KL-EINR-SOZ-01,Soziale Einrichtungen der Kliniken,GESW,15,p_all
665,2021,SB-INGW-07,Raumplanung,GESW,380,p_all
666,2023,SB-KUNSTW-05,"Musik, Musikwissenschaft",GESM,2123,p_all
667,2023,SB-RWSW-05,Sozialwesen,GESW,1873,p_all
668,2019,SB-NATW-05,Chemie,GESW,3483,p_all
669,2023,SB-SKW-09,"Germanistik (Deutsch, germ. Sprachen o. Anglistik)",GESW,2233,p_all
670,2022,BIB-ZENTRAL-01,Zentralbibliothek,GESW,261,p_all
671,2023,THEOL-KT-01,Katholische Theologie,GESW,378,p_all
672,2023,SB-RWSW-07,Verwaltungswissenschaften,GESW,818,p_all
673,2020,MEDVET-KT-01,Klinisch-theoretische Veterinärmedizin,GESW,374,p_all
674,2022,EINR-SOZ-01,Soziale Einrichtungen,GESM,13,p_all
675,2022,SB-RWSW-04,Sozialwissenschaften/Soziologie,GESW,1672,p_all
676,2018,SB-NATW-06,Pharmazie,GESW,750,p_all
677,2021,SB-SKW-10,"Anglistik, Amerikanistik",GESW,1358,p_all
678,2021,MEDVET-VK-01,Vorklinische Veterinärmedizin,GESM,108,p_all
679,2023,SB-SKW-07,Allg. und vergl. Literatur- und Sprachwissenschaft,GESW,965,p_all
680,2022,THEOL-KT-01,Katholische Theologie,GESW,354,p_all
681,2021,SB-RWSW-05,Sozialwesen,GESW,1704,p_all
682,2022,MEDHUM-VK-01,Vorklinische Humanmedizin (einschl. Zahnmedizin),GESM,2146,p_all
683,2022,KL-EINR-AUSB-01,Übrige Ausbildungseinrichtungen der Kliniken,GESW,163,p_all
684,2023,PHIL-KLASS-01,Altphilologie (klassische Philologie),GESW,190,p_all
685,2022,SB-SKW-12,"Slawistik, Baltistik, Finno-Ugristik",GESM,155,p_all
686,2020,SB-RWSW-09,Wirtschaftsingenieurw. mit wirtschaftsw. Schwerp.,GESW,225,p_all
687,2022,MEDHUM-KT-01,Klinisch-theor. Humanmedizin (einschl.Zahnmedizin),GESM,6268,p_all
688,2020,SB-INGW-07,Raumplanung,GESW,357,p_all
689,2022,SB-RWSW-02,Regionalwissenschaften,GESW,92,p_all
690,2018,MEDHUM-ALLG-01,Humanmedizin allgemein,GESW,317,p_all
691,2018,SB-AGRW-03,"Forstwissenschaft, Holzwirtschaft",GESW,245,p_all
692,2022,SB-KUNSTW-04,"Darstellende Kunst, Film u.Fernsehen, Theaterwiss.",GESW,408,p_all
693,2019,SB-KUNSTW-02,Bildende Kunst,GESM,443,p_all
694,2020,EINR-SOZ-01,Soziale Einrichtungen,GESW,9,p_all
695,2022,SB-MEDHUM-01,Gesundheitswissenschaften,GESM,857,p_all
696,2023,MEDHUM-ALLG-01,Humanmedizin allgemein,GESM,552,p_all
697,2021,SB-RWSW-07,Verwaltungswissenschaften,GESW,764,p_all
698,2019,SB-AGRW-03,"Forstwissenschaft, Holzwirtschaft",GESW,255,p_all
699,2022,SB-RWSW-09,Wirtschaftsingenieurw. mit wirtschaftsw. Schwerp.,GESW,248,p_all
700,2019,SB-AGRW-02,"Agrarwissensch., Lebensmittel- u. Getränketechnik",GESW,1337,p_all
701,2022,SB-KUNSTW-05,"Musik, Musikwissenschaft",GESW,1188,p_all
702,2020,FACHGR-RWSW-01,"Rechts-, Wirtschafts- u.Sozialwissenschaften allg.",GESW,306,p_all
703,2019,SB-AGRW-01,"Landespflege, Umweltgestaltung",GESW,237,p_all
704,2022,SB-RWSW-08,Wirtschaftswissenschaften,GESW,5954,p_all
705,2021,HS-VERW-02,Zentral verwaltete Hörsäle und Lehrräume,GESW,0,p_all
706,2021,SB-RWSW-08,Wirtschaftswissenschaften,GESW,5871,p_all
707,2022,SB-RWSW-07,Verwaltungswissenschaften,GESW,794,p_all
708,2020,BIB-ZENTRAL-01,Zentralbibliothek,GESM,227,p_all
709,2021,HS-VERW-01,Zentrale Hochschulverwaltung,GESW,2054,p_all
710,2019,SB-AGRW-04,Ernährungs- und Haushaltswissenschaften,GESW,382,p_all
711,2022,SB-SKW-14,Kulturwissenschaften i.e.S.,GESM,234,p_all
712,2018,MEDVET-VK-01,Vorklinische Veterinärmedizin,GESM,98,p_all
713,2020,HS-01,Hochschule insgesamt,GESM,331,p_all
714,2019,MEDHUM-KP-01,Klinisch-prakt. Humanmedizin (ohne Zahnmedizin),GESM,22380,p_all
715,2022,SB-RWSW-05,Sozialwesen,GESW,1789,p_all
716,2018,SB-SKW-04,Philosophie,GESM,1072,p_all
717,2018,MEDVET-KT-01,Klinisch-theoretische Veterinärmedizin,GESM,225,p_all
718,2022,SB-SKW-17,Sonderpädagogik,GESM,0,p_all
719,2023,SB-RWSW-03,Politikwissenschaft,GESW,872,p_all
720,2021,SB-RWSW-09,Wirtschaftsingenieurw. mit wirtschaftsw. Schwerp.,GESW,221,p_all
721,2018,SB-RWSW-10,Psychologie,GESM,2085,p_all
722,2019,EINR-HSFRMD-02,Mit der Hochschule verb. u. hochschulfr. Einricht.,GESM,169,p_all
723,2023,SB-RWSW-02,Regionalwissenschaften,GESW,80,p_all
724,2022,SB-NATW-08,Geowissenschaften (ohne Geographie),GESW,1078,p_all
725,2022,SB-RWSW-08,Wirtschaftswissenschaften,GESM,10897,p_all
726,2018,EINR-SONST-01,Übrige Ausbildungseinrichtungen,GESM,193,p_all
727,2021,SB-KUNSTW-03,Gestaltung,GESW,738,p_all
728,2018,SB-INGW-08,Bauingenieurwesen,GESM,3436,p_all
729,2020,SB-NATW-02,Mathematik,GESW,1561,p_all
730,2020,SB-SKW-18,Islamische Studien/Islamische Theologie,GESM,105,p_all
731,2022,SB-SKW-18,Islamische Studien/Islamische Theologie,GESM,87,p_all
732,2022,SB-INGW-02,"Bergbau, Hüttenwesen",GESM,400,p_all
733,2022,HS-VERW-01,Zentrale Hochschulverwaltung,GESW,2203,p_all
734,2018,SB-SKW-19,Medienwissenschaft,GESM,0,p_all
735,2019,SB-RWSW-04,Sozialwissenschaften/Soziologie,GESM,1566,p_all
736,2018,THEOL-EV-01,Evangelische Theologie,GESW,463,p_all
737,2022,MEDHUM-VK-01,Vorklinische Humanmedizin (einschl. Zahnmedizin),GESW,2350,p_all
738,2019,SB-MEDHUM-01,Gesundheitswissenschaften,GESM,716,p_all
739,2018,SB-SKW-05,Geschichte,GESM,1883,p_all
740,2023,SB-RWSW-12,Kommunikationswissenschaft/Publizistik,GESM,360,p_all
741,2022,SB-SKW-06,Informations- und Bibliothekswissenschaften,GESW,85,p_all
742,2021,SB-RWSW-09,Wirtschaftsingenieurw. mit wirtschaftsw. Schwerp.,GESM,654,p_all
743,2020,EINR-VERS-01,Zentrale Betriebs- und Versorgungseinrichtungen,GESW,114,p_all
744,2023,SB-SKW-04,Philosophie,GESM,1019,p_all
745,2022,MEDVET-KP-01,Klinisch-praktische Veterinärmedizin,GESM,195,p_all
746,2018,EINR-SOZ-01,Soziale Einrichtungen,GESM,14,p_all
747,2020,SB-KUNSTW-05,"Musik, Musikwissenschaft",GESW,1081,p_all
748,2021,MEDHUM-VK-01,Vorklinische Humanmedizin (einschl. Zahnmedizin),GESM,2102,p_all
749,2022,SB-AGRW-04,Ernährungs- und Haushaltswissenschaften,GESW,416,p_all
750,2018,SB-AGRW-02,"Agrarwissensch., Lebensmittel- u. Getränketechnik",GESW,1301,p_all
751,2020,KL-EINR-AUSB-01,Übrige Ausbildungseinrichtungen der Kliniken,GESW,142,p_all
752,2020,SB-RWSW-03,Politikwissenschaft,GESW,792,p_all
753,2019,HS-01,Hochschule insgesamt,GESM,348,p_all
754,2018,SB-RWSW-05,Sozialwesen,GESM,952,p_all
755,2020,SB-INGW-05,"Verkehrstechnik, Nautik",GESM,2046,p_all
756,2019,SB-INGW-07,Raumplanung,GESM,353,p_all
757,2019,SB-SKW-05,Geschichte,GESM,1889,p_all
758,2023,MEDVET-ALLG-01,Veterinärmedizin allgemein,GESW,10,p_all
759,2023,SB-SKW-18,Islamische Studien/Islamische Theologie,GESM,80,p_all
760,2018,SB-NATW-04,"Physik, Astronomie",GESM,8832,p_all
761,2022,EINR-HSFRMD-02,Mit der Hochschule verb. u. hochschulfr. Einricht.,GESM,140,p_all
762,2020,SKW-SONST-01,Sonstige Sprach- und Kulturwissenschaften,GESM,728,p_all
763,2019,EINR-HSFRMD-02,Mit der Hochschule verb. u. hochschulfr. Einricht.,GESW,119,p_all
764,2020,SB-INGW-10,Wirtschaftsingenieurw. mit ingenieurw. Schwerpunkt,GESM,407,p_all
765,2018,PHIL-KLASS-01,Altphilologie (klassische Philologie),GESW,211,p_all
766,2022,FACHGR-INGW-01,Ingenieurwissenschaften allgemein,GESM,1886,p_all
767,2021,SB-SKW-19,Medienwissenschaft,GESW,300,p_all
768,2021,SB-SKW-05,Geschichte,GESM,1818,p_all
769,2021,EINR-WISS-01,Zentrale wissenschaftliche Einrichtungen,GESW,4083,p_all
770,2020,SB-RWSW-04,Sozialwissenschaften/Soziologie,GESW,1671,p_all
771,2021,LB-RW-01,Rechtswissenschaften,GESW,2189,p_all
772,2020,SB-SKW-10,"Anglistik, Amerikanistik",GESM,707,p_all
773,2018,SB-AGRW-01,"Landespflege, Umweltgestaltung",GESW,278,p_all
774,2021,SB-NATW-09,Geographie,GESW,813,p_all
775,2018,AFEW-ALLG-01,"Agrar-, Forst- und Ernährungswissenschaften allg.",GESW,70,p_all
776,2018,SB-SKW-06,Informations- und Bibliothekswissenschaften,GESW,79,p_all
777,2018,SB-SKW-07,Allg. und vergl. Literatur- und Sprachwissenschaft,GESW,938,p_all
778,2021,SB-SKW-04,Philosophie,GESM,1120,p_all
779,2022,AFEW-ALLG-01,"Agrar-, Forst- und Ernährungswissenschaften allg.",GESW,335,p_all
780,2021,SB-RWSW-03,Politikwissenschaft,GESW,910,p_all
781,2018,HS-01,Hochschule insgesamt,GESM,332,p_all
782,2023,SB-AGRW-03,"Forstwissenschaft, Holzwirtschaft",GESW,286,p_all
783,2019,SB-SKW-11,Romanistik,GESW,832,p_all
784,2018,HRZ-01,Hochschulrechenzentrum,GESM,845,p_all
785,2021,SB-RWSW-02,Regionalwissenschaften,GESW,83,p_all
786,2022,SB-SKW-19,Medienwissenschaft,GESW,327,p_all
787,2018,SB-SKW-18,Islamische Studien/Islamische Theologie,GESM,83,p_all
788,2023,SB-AGRW-04,Ernährungs- und Haushaltswissenschaften,GESW,431,p_all
789,2023,BIB-ZENTRAL-01,Zentralbibliothek,GESW,247,p_all
790,2019,SB-SKW-12,"Slawistik, Baltistik, Finno-Ugristik",GESW,290,p_all
791,2018,SB-KUNSTW-01,"Kunst, Kunstwissenschaft allgemein",GESW,706,p_all
792,2018,SB-INGW-09,Vermessungswesen,GESM,426,p_all
793,2020,FACHGR-RWSW-01,"Rechts-, Wirtschafts- u.Sozialwissenschaften allg.",GESM,382,p_all
794,2023,KL-ZD-01,"Kliniken insgesamt, Zentrale Dienste",GESW,1483,p_all
795,2022,SB-RWSW-07,Verwaltungswissenschaften,GESM,1376,p_all
796,2022,SB-NATW-09,Geographie,GESW,796,p_all
797,2023,SB-SKW-19,Medienwissenschaft,GESM,290,p_all
798,2023,EINR-SONST-01,Übrige Ausbildungseinrichtungen,GESW,341,p_all
799,2022,SB-NATW-07,Biologie,GESW,4793,p_all
800,2021,SB-KUNSTW-02,Bildende Kunst,GESW,375,p_all
801,2019,SB-SKW-04,Philosophie,GESM,1076,p_all
802,2023,EINR-KLFRMD-02,Mit der Klinik verbundene u.klinikfremde Einricht.,GESW,10,p_all
803,2022,SB-RWSW-09,Wirtschaftsingenieurw. mit wirtschaftsw. Schwerp.,GESM,648,p_all
804,2023,SB-RWSW-08,Wirtschaftswissenschaften,GESM,10746,p_all
805,2022,SB-RWSW-12,Kommunikationswissenschaft/Publizistik,GESM,346,p_all
806,2018,SF013,Architektur,GESW,988,p_all
807,2022,MEDHUM-ALLG-01,Humanmedizin allgemein,GESM,603,p_all
808,2022,SB-INGW-03,Maschinenbau/Verfahrenstechnik,GESM,13282,p_all
809,2023,SB-INGW-02,"Bergbau, Hüttenwesen",GESM,391,p_all
810,2020,SB-SKW-05,Geschichte,GESW,1491,p_all
811,2019,SB-INGW-08,Bauingenieurwesen,GESM,3482,p_all
812,2023,HRZ-01,Hochschulrechenzentrum,GESW,245,p_all
813,2023,SB-SKW-17,Sonderpädagogik,GESM,0,p_all
814,2023,KL-EINR-AUSB-01,Übrige Ausbildungseinrichtungen der Kliniken,GESW,187,p_all
815,2021,SB-INGW-02,"Bergbau, Hüttenwesen",GESM,419,p_all
816,2020,SB-INGW-11,Materialwissenschaft und Werkstofftechnik,GESM,1476,p_all
817,2019,SB-NATW-01,"Mathematik, Naturwissenschaften allgemein",GESM,451,p_all
818,2018,SB-NATW-05,Chemie,GESM,7412,p_all
819,2023,SB-SKW-10,"Anglistik, Amerikanistik",GESM,677,p_all
820,2019,SB-SKW-06,Informations- und Bibliothekswissenschaften,GESM,85,p_all
821,2022,THEOL-EV-01,Evangelische Theologie,GESW,492,p_all
822,2022,MEDHUM-KP-01,Klinisch-prakt. Humanmedizin (ohne Zahnmedizin),GESW,25501,p_all
823,2022,SB-SKW-07,Allg. und vergl. Literatur- und Sprachwissenschaft,GESW,990,p_all
824,2020,SB-INGW-04,Elektro- und Informationstechnik,GESM,7985,p_all
825,2023,SB-RWSW-11,Erziehungswissenschaften,GESM,2148,p_all
826,2020,SB-RWSW-02,Regionalwissenschaften,GESW,82,p_all
827,2021,SB-KUNSTW-04,"Darstellende Kunst, Film u.Fernsehen, Theaterwiss.",GESW,393,p_all
828,2021,SB-INGW-05,"Verkehrstechnik, Nautik",GESM,2076,p_all
829,2022,LB-RW-01,Rechtswissenschaften,GESW,2233,p_all
830,2019,FACHGR-INGW-01,Ingenieurwissenschaften allgemein,GESW,617,p_all
831,2023,SB-NATW-05,Chemie,GESW,3684,p_all
832,2019,KL-EINR-SOZ-01,Soziale Einrichtungen der Kliniken,GESW,15,p_all
833,2022,MEDVET-VK-01,Vorklinische Veterinärmedizin,GESM,110,p_all
834,2019,SB-NATW-02,Mathematik,GESM,4650,p_all
835,2023,SB-RWSW-05,Sozialwesen,GESM,1044,p_all
836,2021,SB-INGW-03,Maschinenbau/Verfahrenstechnik,GESM,13777,p_all
837,2022,SB-SKW-10,"Anglistik, Amerikanistik",GESW,1391,p_all
838,2019,EINR-SONST-01,Übrige Ausbildungseinrichtungen,GESM,227,p_all
839,2021,SB-INGW-10,Wirtschaftsingenieurw. mit ingenieurw. Schwerpunkt,GESM,429,p_all
840,2019,SB-INGW-05,"Verkehrstechnik, Nautik",GESM,1779,p_all
841,2023,SB-NATW-06,Pharmazie,GESW,812,p_all
842,2023,SB-SKW-05,Geschichte,GESM,1746,p_all
843,2023,SB-NATW-07,Biologie,GESW,4876,p_all
844,2019,MEDVET-KT-01,Klinisch-theoretische Veterinärmedizin,GESM,226,p_all
845,2018,MEDHUM-KP-01,Klinisch-prakt. Humanmedizin (ohne Zahnmedizin),GESM,21836,p_all
846,2019,MEDHUM-ALLG-01,Humanmedizin allgemein,GESM,337,p_all
847,2022,SB-SKW-11,Romanistik,GESW,813,p_all
848,2023,MEDZN-KP-01,Zahnmedizin (klinisch-praktisch),GESW,1158,p_all
849,2023,SB-RWSW-07,Verwaltungswissenschaften,GESM,1413,p_all
850,2022,SB-SKW-12,"Slawistik, Baltistik, Finno-Ugristik",GESW,285,p_all
851,2019,LB-RW-01,Rechtswissenschaften,GESW,2047,p_all
852,2022,HS-01,Hochschule insgesamt,GESW,361,p_all
853,2021,MEDHUM-KP-01,Klinisch-prakt. Humanmedizin (ohne Zahnmedizin),GESM,22923,p_all
854,2021,KL-EINR-SOZ-01,Soziale Einrichtungen der Kliniken,GESW,7,p_all
855,2022,SB-SKW-05,Geschichte,GESW,1499,p_all
856,2019,THEOL-KT-01,Katholische Theologie,GESW,337,p_all
857,2023,SB-SKW-06,Informations- und Bibliothekswissenschaften,GESM,88,p_all
858,2020,SB-SKW-06,Informations- und Bibliothekswissenschaften,GESW,84,p_all
859,2022,SB-SKW-04,Philosophie,GESW,663,p_all
860,2018,SB-INGW-07,Raumplanung,GESM,327,p_all
861,2021,KL-EINR-AUSB-01,Übrige Ausbildungseinrichtungen der Kliniken,GESM,39,p_all
862,2021,MEDZN-KP-01,Zahnmedizin (klinisch-praktisch),GESW,1038,p_all
863,2021,SKW-SONST-01,Sonstige Sprach- und Kulturwissenschaften,GESW,820,p_all
864,2020,SF013,Architektur,GESW,1056,p_all
865,2021,SB-INGW-04,Elektro- und Informationstechnik,GESM,8064,p_all
866,2023,SB-NATW-08,Geowissenschaften (ohne Geographie),GESW,1068,p_all
867,2019,SB-NATW-04,"Physik, Astronomie",GESM,8882,p_all
868,2020,SB-SKW-07,Allg. und vergl. Literatur- und Sprachwissenschaft,GESW,965,p_all
869,2019,SB-SKW-19,Medienwissenschaft,GESW,0,p_all
870,2020,LB-RW-01,Rechtswissenschaften,GESM,3601,p_all
871,2023,SB-INGW-03,Maschinenbau/Verfahrenstechnik,GESM,13088,p_all
872,2023,MEDVET-VK-01,Vorklinische Veterinärmedizin,GESM,109,p_all
873,2020,SB-NATW-04,"Physik, Astronomie",GESW,2118,p_all
874,2023,SB-RWSW-09,Wirtschaftsingenieurw. mit wirtschaftsw. Schwerp.,GESM,634,p_all
875,2018,MEDZN-KP-01,Zahnmedizin (klinisch-praktisch),GESW,919,p_all
876,2018,SB-RWSW-03,Politikwissenschaft,GESM,981,p_all
877,2021,PHIL-KLASS-01,Altphilologie (klassische Philologie),GESW,178,p_all
878,2023,SB-AGRW-01,"Landespflege, Umweltgestaltung",GESW,233,p_all
879,2019,EINR-KLFRMD-02,Mit der Klinik verbundene u.klinikfremde Einricht.,GESM,15,p_all
880,2021,SB-NATW-07,Biologie,GESW,4685,p_all
881,2019,SB-NATW-09,Geographie,GESM,1100,p_all
882,2022,FACHGR-RWSW-01,"Rechts-, Wirtschafts- u.Sozialwissenschaften allg.",GESM,421,p_all
883,2021,SB-RWSW-12,Kommunikationswissenschaft/Publizistik,GESM,350,p_all
884,2020,EINR-WISS-01,Zentrale wissenschaftliche Einrichtungen,GESW,3989,p_all
885,2020,THEOL-EV-01,Evangelische Theologie,GESW,478,p_all
886,2018,EINR-WISS-01,Zentrale wissenschaftliche Einrichtungen,GESW,3822,p_all
887,2022,SB-NATW-06,Pharmazie,GESW,770,p_all
888,2022,SB-AGRW-02,"Agrarwissensch., Lebensmittel- u. Getränketechnik",GESW,1244,p_all
889,2022,SB-INGW-04,Elektro- und Informationstechnik,GESM,7934,p_all
890,2021,THEOL-EV-01,Evangelische Theologie,GESW,472,p_all
891,2018,MEDHUM-VK-01,Vorklinische Humanmedizin (einschl. Zahnmedizin),GESM,2111,p_all
892,2018,SB-MEDHUM-01,Gesundheitswissenschaften,GESM,678,p_all
893,2020,SB-SKW-04,Philosophie,GESW,635,p_all
894,2023,SB-INGW-07,Raumplanung,GESM,368,p_all
895,2020,MEDHUM-VK-01,Vorklinische Humanmedizin (einschl. Zahnmedizin),GESM,2150,p_all
896,2018,MEDHUM-KT-01,Klinisch-theor. Humanmedizin (einschl.Zahnmedizin),GESM,5343,p_all
897,2019,MEDZN-KP-01,Zahnmedizin (klinisch-praktisch),GESW,955,p_all
898,2023,SB-RWSW-10,Psychologie,GESM,2205,p_all
899,2019,MEDVET-KP-01,Klinisch-praktische Veterinärmedizin,GESM,204,p_all
900,2021,FACHGR-RWSW-01,"Rechts-, Wirtschafts- u.Sozialwissenschaften allg.",GESM,377,p_all
901,2023,SB-SKW-11,Romanistik,GESM,418,p_all
902,2023,HS-01,Hochschule insgesamt,GESW,347,p_all
903,2021,SB-SKW-06,Informations- und Bibliothekswissenschaften,GESM,87,p_all
904,2019,SB-RWSW-02,Regionalwissenschaften,GESM,86,p_all
905,2020,SB-INGW-12,Informatik,GESM,9533,p_all
906,2020,SB-MEDHUM-01,Gesundheitswissenschaften,GESM,775,p_all
907,2020,SB-NATW-08,Geowissenschaften (ohne Geographie),GESW,1032,p_all
908,2020,SB-AGRW-01,"Landespflege, Umweltgestaltung",GESW,233,p_all
909,2022,PHIL-KLASS-01,Altphilologie (klassische Philologie),GESW,179,p_all
910,2018,KL-EINR-AUSB-01,Übrige Ausbildungseinrichtungen der Kliniken,GESW,97,p_all
911,2020,FACHGR-INGW-01,Ingenieurwissenschaften allgemein,GESM,1712,p_all
912,2020,SB-KUNSTW-03,Gestaltung,GESW,683,p_all
913,2022,SB-NATW-01,"Mathematik, Naturwissenschaften allgemein",GESW,326,p_all
914,2020,SB-SKW-12,"Slawistik, Baltistik, Finno-Ugristik",GESM,165,p_all
915,2018,SB-INGW-02,"Bergbau, Hüttenwesen",GESM,397,p_all
916,2020,SB-NATW-09,Geographie,GESW,808,p_all
917,2022,SB-NATW-02,Mathematik,GESW,1674,p_all
918,2018,SB-RWSW-08,Wirtschaftswissenschaften,GESM,10972,p_all
919,2018,HS-VERW-01,Zentrale Hochschulverwaltung,GESW,2024,p_all
920,2023,SB-MEDHUM-01,Gesundheitswissenschaften,GESW,1607,p_all
921,2020,SB-SKW-11,Romanistik,GESM,424,p_all
922,2019,EINR-VERS-01,Zentrale Betriebs- und Versorgungseinrichtungen,GESW,100,p_all
923,2022,SB-INGW-09,Vermessungswesen,GESM,512,p_all
924,2020,EINR-HSFRMD-02,Mit der Hochschule verb. u. hochschulfr. Einricht.,GESM,146,p_all
925,2020,SB-KUNSTW-02,Bildende Kunst,GESW,338,p_all
926,2018,SB-RWSW-07,Verwaltungswissenschaften,GESM,1219,p_all
927,2023,MEDHUM-VK-01,Vorklinische Humanmedizin (einschl. Zahnmedizin),GESW,2424,p_all
928,2022,SB-RWSW-10,Psychologie,GESM,2200,p_all
929,2021,AFEW-ALLG-01,"Agrar-, Forst- und Ernährungswissenschaften allg.",GESW,103,p_all
930,2021,MEDVET-ALLG-01,Veterinärmedizin allgemein,GESW,7,p_all
931,2018,SB-SKW-17,Sonderpädagogik,GESM,0,p_all
932,2020,MEDHUM-ALLG-01,Humanmedizin allgemein,GESM,471,p_all
933,2019,AFEW-ALLG-01,"Agrar-, Forst- und Ernährungswissenschaften allg.",GESW,72,p_all
934,2022,SB-NATW-05,Chemie,GESW,3595,p_all
935,2022,SB-RWSW-11,Erziehungswissenschaften,GESM,2107,p_all
936,2023,SB-NATW-01,"Mathematik, Naturwissenschaften allgemein",GESW,350,p_all
937,2018,EINR-KLFRMD-02,Mit der Klinik verbundene u.klinikfremde Einricht.,GESM,15,p_all
938,2023,SB-INGW-04,Elektro- und Informationstechnik,GESM,7954,p_all
939,2022,SB-INGW-08,Bauingenieurwesen,GESM,3484,p_all
940,2021,SB-NATW-08,Geowissenschaften (ohne Geographie),GESW,1069,p_all
941,2019,SB-RWSW-05,Sozialwesen,GESM,967,p_all
942,2021,SB-RWSW-11,Erziehungswissenschaften,GESM,2132,p_all
943,2023,LB-RW-01,Rechtswissenschaften,GESM,3559,p_all
944,2020,SB-RWSW-10,Psychologie,GESM,2131,p_all
945,2019,BIB-ZENTRAL-01,Zentralbibliothek,GESM,209,p_all
946,2020,SB-SKW-17,Sonderpädagogik,GESM,0,p_all
947,2018,SB-RWSW-04,Sozialwissenschaften/Soziologie,GESM,1578,p_all
948,2019,SB-RWSW-03,Politikwissenschaft,GESM,1049,p_all
949,2021,FACHGR-INGW-01,Ingenieurwissenschaften allgemein,GESM,1904,p_all
950,2021,SB-SKW-01,Geisteswissenschaften allgemein,GESM,391,p_all
951,2021,SB-NATW-06,Pharmazie,GESW,739,p_all
952,2019,PHIL-KLASS-01,Altphilologie (klassische Philologie),GESW,188,p_all
953,2023,SB-AGRW-02,"Agrarwissensch., Lebensmittel- u. Getränketechnik",GESW,1321,p_all
954,2021,EINR-VERS-01,Zentrale Betriebs- und Versorgungseinrichtungen,GESW,136,p_all
955,2020,SB-NATW-07,Biologie,GESW,4568,p_all
956,2022,SB-AGRW-03,"Forstwissenschaft, Holzwirtschaft",GESW,261,p_all
957,2021,SB-NATW-04,"Physik, Astronomie",GESW,2221,p_all
958,2023,MEDVET-KP-01,Klinisch-praktische Veterinärmedizin,GESM,197,p_all
959,2023,SB-INGW-08,Bauingenieurwesen,GESM,3467,p_all
960,2023,MEDHUM-KP-01,Klinisch-prakt. Humanmedizin (ohne Zahnmedizin),GESW,26677,p_all
961,2020,SB-KUNSTW-04,"Darstellende Kunst, Film u.Fernsehen, Theaterwiss.",GESW,389,p_all
962,2020,SB-NATW-01,"Mathematik, Naturwissenschaften allgemein",GESW,302,p_all
963,2018,HS-VERW-02,Zentral verwaltete Hörsäle und Lehrräume,GESW,0,p_all
964,2020,SB-AGRW-04,Ernährungs- und Haushaltswissenschaften,GESW,433,p_all
965,2018,SB-SKW-14,Kulturwissenschaften i.e.S.,GESM,247,p_all
966,2018,FACHGR-RWSW-01,"Rechts-, Wirtschafts- u.Sozialwissenschaften allg.",GESW,628,p_all
967,2020,MEDHUM-KT-01,Klinisch-theor. Humanmedizin (einschl.Zahnmedizin),GESM,6029,p_all
968,2023,SB-INGW-09,Vermessungswesen,GESM,509,p_all
969,2021,SB-AGRW-03,"Forstwissenschaft, Holzwirtschaft",GESW,299,p_all
970,2020,MEDHUM-KP-01,Klinisch-prakt. Humanmedizin (ohne Zahnmedizin),GESM,23020,p_all
971,2018,SB-SKW-12,"Slawistik, Baltistik, Finno-Ugristik",GESM,167,p_all
972,2019,SF013,Architektur,GESW,1005,p_all
973,2018,BIB-ZENTRAL-01,Zentralbibliothek,GESM,207,p_all
974,2021,SB-AGRW-02,"Agrarwissensch., Lebensmittel- u. Getränketechnik",GESW,1339,p_all
975,2020,EINR-SONST-01,Übrige Ausbildungseinrichtungen,GESM,212,p_all
976,2020,SB-RWSW-12,Kommunikationswissenschaft/Publizistik,GESM,343,p_all
977,2021,SB-NATW-02,Mathematik,GESW,1578,p_all
978,2023,FACHGR-RWSW-01,"Rechts-, Wirtschafts- u.Sozialwissenschaften allg.",GESM,437,p_all
979,2023,MEDVET-KT-01,Klinisch-theoretische Veterinärmedizin,GESM,228,p_all
980,2018,SB-SKW-10,"Anglistik, Amerikanistik",GESM,715,p_all
981,2018,SB-SKW-11,Romanistik,GESM,435,p_all
982,2022,SKW-SONST-01,Sonstige Sprach- und Kulturwissenschaften,GESW,830,p_all
983,2023,SF013,Architektur,GESM,1642,p_all
984,2020,MEDVET-ALLG-01,Veterinärmedizin allgemein,GESW,10,p_all
985,2022,SB-AGRW-01,"Landespflege, Umweltgestaltung",GESW,194,p_all
986,2019,HS-VERW-01,Zentrale Hochschulverwaltung,GESW,1955,p_all
987,2020,SB-NATW-05,Chemie,GESW,3544,p_all
988,2021,EINR-HSFRMD-02,Mit der Hochschule verb. u. hochschulfr. Einricht.,GESM,159,p_all
989,2019,HS-VERW-02,Zentral verwaltete Hörsäle und Lehrräume,GESW,0,p_all
990,2020,SB-RWSW-11,Erziehungswissenschaften,GESM,2115,p_all
991,2021,SB-NATW-01,"Mathematik, Naturwissenschaften allgemein",GESW,299,p_all
992,2020,SB-SKW-19,Medienwissenschaft,GESM,310,p_all
993,2019,SKW-SONST-01,Sonstige Sprach- und Kulturwissenschaften,GESW,758,p_all
994,2018,SB-RWSW-02,Regionalwissenschaften,GESM,72,p_all
995,2021,SB-AGRW-04,Ernährungs- und Haushaltswissenschaften,GESW,464,p_all
996,2019,FACHGR-AGRVET,"Agrar-, Forst- u.Ernährungswiss., Veterinärmedizin",GESM,3175,p_all
997,2023,FACHGR-ZE-02,Zentr.Einricht.d.Hochschulkliniken (nur Humanmed.),GESW,1716,p_all
998,2019,FACHGR-ZE-01,Zentr.Einrichtungen (o. klinikspez. Einrichtungen),GESW,7148,p_all
999,2020,FACHGR-SKW,Geisteswissenschaften,GESW,10797,p_all
1000,2021,FACHGR-ZE-01,Zentr.Einrichtungen (o. klinikspez. Einrichtungen),GESW,7565,p_all
1001,2021,FACHGR-AGRVET,"Agrar-, Forst- u.Ernährungswiss., Veterinärmedizin",GESW,3547,p_all
1002,2023,FACHGR-KUNSTW,"Kunst, Kunstwissenschaft",GESW,3663,p_all
1003,2023,FACHGR-INGW,Ingenieurwissenschaften,GESW,12947,p_all
1004,2018,FACHGR-INGW,Ingenieurwissenschaften,GESM,41395,p_all
1005,2018,FACHGR-MEDHUM,Humanmedizin/Gesundheitswissenschaften,GESM,31384,p_all
1006,2023,FACHGR-AGRVET,"Agrar-, Forst- u.Ernährungswiss., Veterinärmedizin",GESM,3274,p_all
1007,2020,FACHGR-INGW,Ingenieurwissenschaften,GESM,43421,p_all
1008,2022,FACHGR-AGRVET,"Agrar-, Forst- u.Ernährungswiss., Veterinärmedizin",GESM,3295,p_all
1009,2023,FACHGR-RWSW,"Rechts-, Wirtschafts- und Sozialwissenschaften",GESM,25274,p_all
1010,2019,FACHGR-KUNSTW,"Kunst, Kunstwissenschaft",GESW,3177,p_all
1011,2018,FACHGR-SKW,Geisteswissenschaften,GESM,9746,p_all
1012,2020,FACHGR-ZE-01,Zentr.Einrichtungen (o. klinikspez. Einrichtungen),GESW,7393,p_all
1013,2019,FACHGR-SKW,Geisteswissenschaften,GESW,10523,p_all
1014,2019,FACHGR-NATW,"Mathematik, Naturwissenschaften",GESM,30715,p_all
1015,2020,FACHGR-MEDHUM,Humanmedizin/Gesundheitswissenschaften,GESW,35503,p_all
1016,2018,FACHGR-NATW,"Mathematik, Naturwissenschaften",GESM,30546,p_all
1017,2023,FACHGR-NATW,"Mathematik, Naturwissenschaften",GESW,15720,p_all
1018,2020,FACHGR-RWSW,"Rechts-, Wirtschafts- und Sozialwissenschaften",GESM,25381,p_all
1019,2021,FACHGR-MEDHUM,Humanmedizin/Gesundheitswissenschaften,GESW,36796,p_all
1020,2022,FACHGR-ZE-01,Zentr.Einrichtungen (o. klinikspez. Einrichtungen),GESW,7891,p_all
1021,2019,FACHGR-SKW,Geisteswissenschaften,GESM,9795,p_all
1022,2021,FACHGR-KUNSTW,"Kunst, Kunstwissenschaft",GESM,4366,p_all
1023,2018,FACHGR-ZE-01,Zentr.Einrichtungen (o. klinikspez. Einrichtungen),GESW,7196,p_all
1024,2023,FACHGR-INGW,Ingenieurwissenschaften,GESM,43973,p_all
1025,2019,FACHGR-INGW,Ingenieurwissenschaften,GESM,41940,p_all
1026,2018,FACHGR-ZE-02,Zentr.Einricht.d.Hochschulkliniken (nur Humanmed.),GESW,918,p_all
1027,2020,FACHGR-NATW,"Mathematik, Naturwissenschaften",GESW,14668,p_all
1028,2021,FACHGR-INGW,Ingenieurwissenschaften,GESM,44189,p_all
1029,2023,FACHGR-MEDHUM,Humanmedizin/Gesundheitswissenschaften,GESW,39574,p_all
1030,2020,FACHGR-ZE-02,Zentr.Einricht.d.Hochschulkliniken (nur Humanmed.),GESW,1118,p_all
1031,2021,FACHGR-SKW,Geisteswissenschaften,GESM,9634,p_all
1032,2022,FACHGR-ZE-02,Zentr.Einricht.d.Hochschulkliniken (nur Humanmed.),GESW,1555,p_all
1033,2022,FACHGR-SKW,Geisteswissenschaften,GESM,9504,p_all
1034,2018,FACHGR-AGRVET,"Agrar-, Forst- u.Ernährungswiss., Veterinärmedizin",GESM,3240,p_all
1035,2023,FACHGR-KUNSTW,"Kunst, Kunstwissenschaft",GESM,4357,p_all
1036,2018,FACHGR-KUNSTW,"Kunst, Kunstwissenschaft",GESM,4314,p_all
1037,2019,FACHGR-RWSW,"Rechts-, Wirtschafts- und Sozialwissenschaften",GESM,24837,p_all
1038,2019,FACHGR-KUNSTW,"Kunst, Kunstwissenschaft",GESM,4284,p_all
1039,2018,FACHGR-RWSW,"Rechts-, Wirtschafts- und Sozialwissenschaften",GESM,24734,p_all
1040,2020,FACHGR-KUNSTW,"Kunst, Kunstwissenschaft",GESM,4302,p_all
1041,2018,FACHGR-SKW,Geisteswissenschaften,GESW,10437,p_all
1042,2023,FACHGR-ZE-01,Zentr.Einrichtungen (o. klinikspez. Einrichtungen),GESW,7987,p_all
1043,2020,FACHGR-AGRVET,"Agrar-, Forst- u.Ernährungswiss., Veterinärmedizin",GESM,3261,p_all
1044,2018,FACHGR-RWSW,"Rechts-, Wirtschafts- und Sozialwissenschaften",GESW,19644,p_all
1045,2022,FACHGR-MEDHUM,Humanmedizin/Gesundheitswissenschaften,GESW,38076,p_all
1046,2020,FACHGR-RWSW,"Rechts-, Wirtschafts- und Sozialwissenschaften",GESW,21269,p_all
1047,2023,FACHGR-NATW,"Mathematik, Naturwissenschaften",GESM,30062,p_all
1048,2022,FACHGR-INGW,Ingenieurwissenschaften,GESM,43836,p_all
1049,2022,FACHGR-KUNSTW,"Kunst, Kunstwissenschaft",GESM,4383,p_all
1050,2021,FACHGR-ZE-02,Zentr.Einricht.d.Hochschulkliniken (nur Humanmed.),GESW,1537,p_all
1051,2021,FACHGR-KUNSTW,"Kunst, Kunstwissenschaft",GESW,3426,p_all
1052,2021,FACHGR-SKW,Geisteswissenschaften,GESW,11067,p_all
1053,2019,FACHGR-ZE-02,Zentr.Einricht.d.Hochschulkliniken (nur Humanmed.),GESW,910,p_all
1054,2019,FACHGR-INGW,Ingenieurwissenschaften,GESW,10595,p_all
1055,2023,FACHGR-SKW,Geisteswissenschaften,GESM,9295,p_all
1056,2018,FACHGR-INGW,Ingenieurwissenschaften,GESW,10124,p_all
1057,2022,FACHGR-NATW,"Mathematik, Naturwissenschaften",GESW,15323,p_all
1058,2023,FACHGR-AGRVET,"Agrar-, Forst- u.Ernährungswiss., Veterinärmedizin",GESW,3754,p_all
1059,2018,FACHGR-MEDHUM,Humanmedizin/Gesundheitswissenschaften,GESW,31840,p_all
1060,2020,FACHGR-KUNSTW,"Kunst, Kunstwissenschaft",GESW,3259,p_all
1061,2021,FACHGR-NATW,"Mathematik, Naturwissenschaften",GESW,14969,p_all
1062,2019,FACHGR-MEDHUM,Humanmedizin/Gesundheitswissenschaften,GESW,33225,p_all
1063,2022,FACHGR-RWSW,"Rechts-, Wirtschafts- und Sozialwissenschaften",GESM,25390,p_all
1064,2018,FACHGR-KUNSTW,"Kunst, Kunstwissenschaft",GESW,3069,p_all
1065,2021,FACHGR-RWSW,"Rechts-, Wirtschafts- und Sozialwissenschaften",GESM,25494,p_all
1066,2021,FACHGR-AGRVET,"Agrar-, Forst- u.Ernährungswiss., Veterinärmedizin",GESM,3310,p_all
1067,2022,FACHGR-KUNSTW,"Kunst, Kunstwissenschaft",GESW,3584,p_all
1068,2023,FACHGR-SKW,Geisteswissenschaften,GESW,11047,p_all
1069,2020,FACHGR-MEDHUM,Humanmedizin/Gesundheitswissenschaften,GESM,33555,p_all
1070,2019,FACHGR-RWSW,"Rechts-, Wirtschafts- und Sozialwissenschaften",GESW,20417,p_all
1071,2021,FACHGR-RWSW,"Rechts-, Wirtschafts- und Sozialwissenschaften",GESW,22081,p_all
1072,2020,FACHGR-SKW,Geisteswissenschaften,GESM,9771,p_all
1073,2023,FACHGR-ZE-02,Zentr.Einricht.d.Hochschulkliniken (nur Humanmed.),GESM,1255,p_all
1074,2022,FACHGR-AGRVET,"Agrar-, Forst- u.Ernährungswiss., Veterinärmedizin",GESW,3543,p_all
1075,2019,FACHGR-MEDHUM,Humanmedizin/Gesundheitswissenschaften,GESM,32285,p_all
1076,2022,FACHGR-INGW,Ingenieurwissenschaften,GESW,12513,p_all
1077,2021,FACHGR-INGW,Ingenieurwissenschaften,GESW,12143,p_all
1078,2020,FACHGR-ZE-01,Zentr.Einrichtungen (o. klinikspez. Einrichtungen),GESM,7200,p_all
1079,2018,FACHGR-ZE-02,Zentr.Einricht.d.Hochschulkliniken (nur Humanmed.),GESM,637,p_all
1080,2019,FACHGR-NATW,"Mathematik, Naturwissenschaften",GESW,14586,p_all
1081,2021,FACHGR-ZE-02,Zentr.Einricht.d.Hochschulkliniken (nur Humanmed.),GESM,1172,p_all
1082,2020,FACHGR-NATW,"Mathematik, Naturwissenschaften",GESM,30751,p_all
1083,2020,FACHGR-INGW,Ingenieurwissenschaften,GESW,11401,p_all
1084,2023,FACHGR-MEDHUM,Humanmedizin/Gesundheitswissenschaften,GESM,34825,p_all
1085,2019,FACHGR-ZE-02,Zentr.Einricht.d.Hochschulkliniken (nur Humanmed.),GESM,656,p_all
1086,2022,FACHGR-ZE-02,Zentr.Einricht.d.Hochschulkliniken (nur Humanmed.),GESM,1136,p_all
1087,2018,FACHGR-NATW,"Mathematik, Naturwissenschaften",GESW,14210,p_all
1088,2020,FACHGR-ZE-02,Zentr.Einricht.d.Hochschulkliniken (nur Humanmed.),GESM,755,p_all
1089,2022,FACHGR-SKW,Geisteswissenschaften,GESW,11058,p_all
1090,2018,FACHGR-AGRVET,"Agrar-, Forst- u.Ernährungswiss., Veterinärmedizin",GESW,3212,p_all
1091,2019,FACHGR-AGRVET,"Agrar-, Forst- u.Ernährungswiss., Veterinärmedizin",GESW,3263,p_all
1092,2022,FACHGR-ZE-01,Zentr.Einrichtungen (o. klinikspez. Einrichtungen),GESM,7629,p_all
1093,2018,FACHGR-ZE-01,Zentr.Einrichtungen (o. klinikspez. Einrichtungen),GESM,6874,p_all
1094,2019,FACHGR-ZE-01,Zentr.Einrichtungen (o. klinikspez. Einrichtungen),GESM,6986,p_all
1095,2023,FACHGR-RWSW,"Rechts-, Wirtschafts- und Sozialwissenschaften",GESW,22993,p_all
1096,2022,FACHGR-NATW,"Mathematik, Naturwissenschaften",GESM,30342,p_all
1097,2021,FACHGR-MEDHUM,Humanmedizin/Gesundheitswissenschaften,GESM,33843,p_all
1098,2023,FACHGR-ZE-01,Zentr.Einrichtungen (o. klinikspez. Einrichtungen),GESM,7700,p_all
1099,2021,FACHGR-ZE-01,Zentr.Einrichtungen (o. klinikspez. Einrichtungen),GESM,7507,p_all
1100,2022,FACHGR-MEDHUM,Humanmedizin/Gesundheitswissenschaften,GESM,34325,p_all
1101,2022,FACHGR-RWSW,"Rechts-, Wirtschafts- und Sozialwissenschaften",GESW,22639,p_all
1102,2020,FACHGR-AGRVET,"Agrar-, Forst- u.Ernährungswiss., Veterinärmedizin",GESW,3374,p_all
1103,2021,FACHGR-NATW,"Mathematik, Naturwissenschaften",GESM,30781,p_all
1104,2021,FACHGR-SPR,Sport,GESM,212,p_prof
1105,2020,FACHGR-ZE-02,Zentr.Einricht.d.Hochschulkliniken (nur Humanmed.),GESW,6,p_prof
1106,2022,FACHGR-AGRW,"Agrar-, Forst- und Ernährungswissenschaften",GESW,0,p_prof
1107,2023,FACHGR-MEDVET,Veterinärmedizin,GESW,0,p_prof
1108,2021,FACHGR-ZE-01,Zentr.Einrichtungen (o. klinikspez. Einrichtungen),GESM,435,p_prof
1109,2021,FACHGR-RWSW,"Rechts-, Wirtschafts- und Sozialwissenschaften",GESM,10161,p_prof
1110,2019,FACHGR-RWSW,"Rechts-, Wirtschafts- und Sozialwissenschaften",GESM,9969,p_prof
1111,2021,FACHGR-NATW,"Mathematik, Naturwissenschaften",GESW,1392,p_prof
1112,2022,FACHGR-INGW,Ingenieurwissenschaften,GESM,11099,p_prof
1113,2018,FACHGR-RWSW,"Rechts-, Wirtschafts- und Sozialwissenschaften",GESW,4369,p_prof
1114,2020,FACHGR-RWSW,"Rechts-, Wirtschafts- und Sozialwissenschaften",GESW,4743,p_prof
1115,2019,FACHGR-NATW,"Mathematik, Naturwissenschaften",GESW,1286,p_prof
1116,2022,FACHGR-KUNSTW,"Kunst, Kunstwissenschaft",GESW,1462,p_prof
1117,2020,FACHGR-MEDHUM,Humanmedizin/Gesundheitswissenschaften,GESM,3487,p_prof
1118,2018,FACHGR-AGRVET,"Agrar-, Forst- u.Ernährungswiss., Veterinärmedizin",GESM,886,p_prof
1119,2019,FACHGR-ZE-01,Zentr.Einrichtungen (o. klinikspez. Einrichtungen),GESM,459,p_prof
1120,2018,FACHGR-KUNSTW,"Kunst, Kunstwissenschaft",GESW,1278,p_prof
1121,2020,FACHGR-SKW,Geisteswissenschaften,GESM,2809,p_prof
1122,2022,FACHGR-NATW,"Mathematik, Naturwissenschaften",GESM,5070,p_prof
1123,2023,FACHGR-AGRW,"Agrar-, Forst- und Ernährungswissenschaften",GESW,0,p_prof
1124,2018,FACHGR-SPR,Sport,GESM,209,p_prof
1125,2022,FACHGR-ZE-01,Zentr.Einrichtungen (o. klinikspez. Einrichtungen),GESW,220,p_prof
1126,2019,FACHGR-ZE-02,Zentr.Einricht.d.Hochschulkliniken (nur Humanmed.),GESW,6,p_prof
1127,2019,FACHGR-MEDVET,Veterinärmedizin,GESW,0,p_prof
1128,2020,FACHGR-INGW,Ingenieurwissenschaften,GESW,1821,p_prof
1129,2023,FACHGR-NATW,"Mathematik, Naturwissenschaften",GESM,5077,p_prof
1130,2021,FACHGR-AGRVET,"Agrar-, Forst- u.Ernährungswiss., Veterinärmedizin",GESM,826,p_prof
1131,2023,FACHGR-SKW,Geisteswissenschaften,GESW,2057,p_prof
1132,2022,FACHGR-AGRVET,"Agrar-, Forst- u.Ernährungswiss., Veterinärmedizin",GESM,826,p_prof
1133,2023,FACHGR-ZE-01,Zentr.Einrichtungen (o. klinikspez. Einrichtungen),GESW,218,p_prof
1134,2018,FACHGR-ZE-02,Zentr.Einricht.d.Hochschulkliniken (nur Humanmed.),GESW,7,p_prof
1135,2019,FACHGR-KUNSTW,"Kunst, Kunstwissenschaft",GESW,1320,p_prof
1136,2021,FACHGR-SKW,Geisteswissenschaften,GESW,1967,p_prof
1137,2021,FACHGR-INGW,Ingenieurwissenschaften,GESW,1912,p_prof
1138,2018,FACHGR-ZE-01,Zentr.Einrichtungen (o. klinikspez. Einrichtungen),GESM,484,p_prof
1139,2022,FACHGR-SKW,Geisteswissenschaften,GESM,2742,p_prof
1140,2020,FACHGR-RWSW,"Rechts-, Wirtschafts- und Sozialwissenschaften",GESM,10091,p_prof
1141,2018,FACHGR-RWSW,"Rechts-, Wirtschafts- und Sozialwissenschaften",GESM,9927,p_prof
1142,2018,FACHGR-ZE-02,Zentr.Einricht.d.Hochschulkliniken (nur Humanmed.),GESM,26,p_prof
1143,2020,FACHGR-AGRW,"Agrar-, Forst- und Ernährungswissenschaften",GESM,0,p_prof
1144,2020,FACHGR-ZE-01,Zentr.Einrichtungen (o. klinikspez. Einrichtungen),GESM,427,p_prof
1145,2023,FACHGR-SPR,Sport,GESM,220,p_prof
1146,2022,FACHGR-ZE-01,Zentr.Einrichtungen (o. klinikspez. Einrichtungen),GESM,444,p_prof
1147,2019,FACHGR-KUNSTW,"Kunst, Kunstwissenschaft",GESM,2445,p_prof
1148,2022,FACHGR-MEDVET,Veterinärmedizin,GESW,0,p_prof
1149,2023,FACHGR-MEDHUM,Humanmedizin/Gesundheitswissenschaften,GESW,1508,p_prof
1150,2018,FACHGR-AGRW,"Agrar-, Forst- und Ernährungswissenschaften",GESM,0,p_prof
1151,2023,FACHGR-KUNSTW,"Kunst, Kunstwissenschaft",GESM,2461,p_prof
1152,2019,FACHGR-SPR,Sport,GESW,73,p_prof
1153,2019,FACHGR-AGRVET,"Agrar-, Forst- u.Ernährungswiss., Veterinärmedizin",GESM,837,p_prof
1154,2023,FACHGR-INGW,Ingenieurwissenschaften,GESM,11140,p_prof
1155,2019,FACHGR-AGRW,"Agrar-, Forst- und Ernährungswissenschaften",GESW,0,p_prof
1156,2019,FACHGR-RWSW,"Rechts-, Wirtschafts- und Sozialwissenschaften",GESW,4558,p_prof
1157,2018,FACHGR-NATW,"Mathematik, Naturwissenschaften",GESM,5179,p_prof
1158,2020,FACHGR-INGW,Ingenieurwissenschaften,GESM,10919,p_prof
1159,2023,FACHGR-AGRW,"Agrar-, Forst- und Ernährungswissenschaften",GESM,0,p_prof
1160,2018,FACHGR-SKW,Geisteswissenschaften,GESW,1797,p_prof
1161,2018,FACHGR-INGW,Ingenieurwissenschaften,GESW,1604,p_prof
1162,2019,FACHGR-SKW,Geisteswissenschaften,GESM,2854,p_prof
1163,2019,FACHGR-NATW,"Mathematik, Naturwissenschaften",GESM,5170,p_prof
1164,2021,FACHGR-INGW,Ingenieurwissenschaften,GESM,10970,p_prof
1165,2022,FACHGR-KUNSTW,"Kunst, Kunstwissenschaft",GESM,2489,p_prof
1166,2021,FACHGR-AGRW,"Agrar-, Forst- und Ernährungswissenschaften",GESM,0,p_prof
1167,2021,FACHGR-SKW,Geisteswissenschaften,GESM,2763,p_prof
1168,2022,FACHGR-RWSW,"Rechts-, Wirtschafts- und Sozialwissenschaften",GESM,10262,p_prof
1169,2020,FACHGR-KUNSTW,"Kunst, Kunstwissenschaft",GESM,2467,p_prof
1170,2021,FACHGR-KUNSTW,"Kunst, Kunstwissenschaft",GESM,2497,p_prof
1171,2022,FACHGR-AGRW,"Agrar-, Forst- und Ernährungswissenschaften",GESM,0,p_prof
1172,2022,FACHGR-SPR,Sport,GESW,85,p_prof
1173,2021,FACHGR-ZE-02,Zentr.Einricht.d.Hochschulkliniken (nur Humanmed.),GESM,43,p_prof
1174,2020,FACHGR-ZE-02,Zentr.Einricht.d.Hochschulkliniken (nur Humanmed.),GESM,30,p_prof
1175,2023,FACHGR-RWSW,"Rechts-, Wirtschafts- und Sozialwissenschaften",GESM,10311,p_prof
1176,2020,FACHGR-SKW,Geisteswissenschaften,GESW,1884,p_prof
1177,2019,FACHGR-INGW,Ingenieurwissenschaften,GESW,1706,p_prof
1178,2022,FACHGR-ZE-02,Zentr.Einricht.d.Hochschulkliniken (nur Humanmed.),GESM,39,p_prof
1179,2023,FACHGR-ZE-02,Zentr.Einricht.d.Hochschulkliniken (nur Humanmed.),GESM,39,p_prof
1180,2020,FACHGR-KUNSTW,"Kunst, Kunstwissenschaft",GESW,1354,p_prof
1181,2018,FACHGR-AGRW,"Agrar-, Forst- und Ernährungswissenschaften",GESW,0,p_prof
1182,2020,FACHGR-ZE-01,Zentr.Einrichtungen (o. klinikspez. Einrichtungen),GESW,177,p_prof
1183,2019,FACHGR-SPR,Sport,GESM,211,p_prof
1184,2019,FACHGR-ZE-02,Zentr.Einricht.d.Hochschulkliniken (nur Humanmed.),GESM,21,p_prof
1185,2022,FACHGR-MEDVET,Veterinärmedizin,GESM,0,p_prof
1186,2023,FACHGR-MEDHUM,Humanmedizin/Gesundheitswissenschaften,GESM,3721,p_prof
1187,2022,FACHGR-RWSW,"Rechts-, Wirtschafts- und Sozialwissenschaften",GESW,5179,p_prof
1188,2019,FACHGR-AGRVET,"Agrar-, Forst- u.Ernährungswiss., Veterinärmedizin",GESW,346,p_prof
1189,2022,FACHGR-ZE-02,Zentr.Einricht.d.Hochschulkliniken (nur Humanmed.),GESW,10,p_prof
1190,2023,FACHGR-ZE-01,Zentr.Einrichtungen (o. klinikspez. Einrichtungen),GESM,446,p_prof
1191,2018,FACHGR-MEDVET,Veterinärmedizin,GESM,0,p_prof
1192,2019,FACHGR-MEDHUM,Humanmedizin/Gesundheitswissenschaften,GESM,3344,p_prof
1193,2020,FACHGR-SPR,Sport,GESM,206,p_prof
1194,2019,FACHGR-SKW,Geisteswissenschaften,GESW,1839,p_prof
1195,2018,FACHGR-KUNSTW,"Kunst, Kunstwissenschaft",GESM,2475,p_prof
1196,2023,FACHGR-AGRVET,"Agrar-, Forst- u.Ernährungswiss., Veterinärmedizin",GESW,434,p_prof
1197,2020,FACHGR-AGRW,"Agrar-, Forst- und Ernährungswissenschaften",GESW,0,p_prof
1198,2018,FACHGR-MEDHUM,Humanmedizin/Gesundheitswissenschaften,GESW,1023,p_prof
1199,2020,FACHGR-NATW,"Mathematik, Naturwissenschaften",GESM,5076,p_prof
1200,2020,FACHGR-AGRVET,"Agrar-, Forst- u.Ernährungswiss., Veterinärmedizin",GESM,832,p_prof
1201,2021,FACHGR-MEDVET,Veterinärmedizin,GESW,0,p_prof
1202,2022,FACHGR-MEDHUM,Humanmedizin/Gesundheitswissenschaften,GESW,1445,p_prof
1203,2022,FACHGR-INGW,Ingenieurwissenschaften,GESW,2046,p_prof
1204,2021,FACHGR-NATW,"Mathematik, Naturwissenschaften",GESM,5096,p_prof
1205,2019,FACHGR-ZE-01,Zentr.Einrichtungen (o. klinikspez. Einrichtungen),GESW,176,p_prof
1206,2019,FACHGR-AGRW,"Agrar-, Forst- und Ernährungswissenschaften",GESM,0,p_prof
1207,2023,FACHGR-INGW,Ingenieurwissenschaften,GESW,2104,p_prof
1208,2022,FACHGR-SPR,Sport,GESM,225,p_prof
1209,2020,FACHGR-MEDVET,Veterinärmedizin,GESW,0,p_prof
1210,2023,FACHGR-ZE-02,Zentr.Einricht.d.Hochschulkliniken (nur Humanmed.),GESW,17,p_prof
1211,2018,FACHGR-ZE-01,Zentr.Einrichtungen (o. klinikspez. Einrichtungen),GESW,184,p_prof
1212,2018,FACHGR-SKW,Geisteswissenschaften,GESM,2892,p_prof
1213,2018,FACHGR-INGW,Ingenieurwissenschaften,GESM,10836,p_prof
1214,2021,FACHGR-MEDHUM,Humanmedizin/Gesundheitswissenschaften,GESW,1327,p_prof
1215,2021,FACHGR-SPR,Sport,GESW,84,p_prof
1216,2021,FACHGR-ZE-01,Zentr.Einrichtungen (o. klinikspez. Einrichtungen),GESW,196,p_prof
1217,2023,FACHGR-SPR,Sport,GESW,85,p_prof
1218,2020,FACHGR-SPR,Sport,GESW,81,p_prof
1219,2018,FACHGR-MEDVET,Veterinärmedizin,GESW,0,p_prof
1220,2019,FACHGR-MEDHUM,Humanmedizin/Gesundheitswissenschaften,GESW,1098,p_prof
1221,2021,FACHGR-ZE-02,Zentr.Einricht.d.Hochschulkliniken (nur Humanmed.),GESW,16,p_prof
1222,2021,FACHGR-AGRW,"Agrar-, Forst- und Ernährungswissenschaften",GESW,0,p_prof
1223,2018,FACHGR-AGRVET,"Agrar-, Forst- u.Ernährungswiss., Veterinärmedizin",GESW,336,p_prof
1224,2020,FACHGR-NATW,"Mathematik, Naturwissenschaften",GESW,1325,p_prof
1225,2018,FACHGR-MEDHUM,Humanmedizin/Gesundheitswissenschaften,GESM,3295,p_prof
1226,2020,FACHGR-MEDHUM,Humanmedizin/Gesundheitswissenschaften,GESW,1208,p_prof
1227,2021,FACHGR-KUNSTW,"Kunst, Kunstwissenschaft",GESW,1412,p_prof
1228,2018,FACHGR-SPR,Sport,GESW,65,p_prof
1229,2023,FACHGR-AGRVET,"Agrar-, Forst- u.Ernährungswiss., Veterinärmedizin",GESM,796,p_prof
1230,2019,FACHGR-INGW,Ingenieurwissenschaften,GESM,10829,p_prof
1231,2023,FACHGR-RWSW,"Rechts-, Wirtschafts- und Sozialwissenschaften",GESW,5427,p_prof
1232,2018,FACHGR-NATW,"Mathematik, Naturwissenschaften",GESW,1239,p_prof
1233,2022,FACHGR-NATW,"Mathematik, Naturwissenschaften",GESW,1459,p_prof
1234,2023,FACHGR-MEDVET,Veterinärmedizin,GESM,0,p_prof
1235,2021,FACHGR-RWSW,"Rechts-, Wirtschafts- und Sozialwissenschaften",GESW,4972,p_prof
1236,2023,FACHGR-NATW,"Mathematik, Naturwissenschaften",GESW,1575,p_prof
1237,2023,FACHGR-KUNSTW,"Kunst, Kunstwissenschaft",GESW,1509,p_prof
1238,2021,FACHGR-AGRVET,"Agrar-, Forst- u.Ernährungswiss., Veterinärmedizin",GESW,386,p_prof
1239,2023,FACHGR-SKW,Geisteswissenschaften,GESM,2728,p_prof
1240,2022,FACHGR-AGRVET,"Agrar-, Forst- u.Ernährungswiss., Veterinärmedizin",GESW,404,p_prof
1241,2021,FACHGR-MEDHUM,Humanmedizin/Gesundheitswissenschaften,GESM,3593,p_prof
1242,2020,FACHGR-AGRVET,"Agrar-, Forst- u.Ernährungswiss., Veterinärmedizin",GESW,350,p_prof
1243,2022,FACHGR-MEDHUM,Humanmedizin/Gesundheitswissenschaften,GESM,3639,p_prof
1244,2021,FACHGR-MEDVET,Veterinärmedizin,GESM,0,p_prof
1245,2022,FACHGR-SKW,Geisteswissenschaften,GESW,2016,p_prof
1246,2019,FACHGR-MEDVET,Veterinärmedizin,GESM,0,p_prof
1247,2020,FACHGR-MEDVET,Veterinärmedizin,GESM,0,p_prof
